Provincias;Edad (grupos quinquenales);Espanoles/Extranjeros;Ano;%mujeres
01 Araba/�lava;TOTAL EDADES;TOTAL;1998;50.332929250338196
01 Araba/�lava;TOTAL EDADES;TOTAL;1999;50.34085977854615
01 Araba/�lava;TOTAL EDADES;TOTAL;2000;50.34188839673715
01 Araba/�lava;TOTAL EDADES;TOTAL;2001;50.283074728265575
01 Araba/�lava;TOTAL EDADES;TOTAL;2002;50.232645789076955
01 Araba/�lava;TOTAL EDADES;TOTAL;2003;50.179711917380075
01 Araba/�lava;TOTAL EDADES;TOTAL;2004;50.16136935840896
01 Araba/�lava;TOTAL EDADES;TOTAL;2005;50.118516987434866
01 Araba/�lava;TOTAL EDADES;TOTAL;2006;50.22058385167226
01 Araba/�lava;TOTAL EDADES;TOTAL;2007;50.22572587483099
01 Araba/�lava;TOTAL EDADES;TOTAL;2008;50.14258723981462
01 Araba/�lava;TOTAL EDADES;TOTAL;2009;50.15661894276637
01 Araba/�lava;TOTAL EDADES;TOTAL;2010;50.11154806019814
01 Araba/�lava;TOTAL EDADES;TOTAL;2011;50.179339466899734
01 Araba/�lava;TOTAL EDADES;TOTAL;2012;50.195159305177064
01 Araba/�lava;TOTAL EDADES;TOTAL;2013;50.33803439146032
01 Araba/�lava;TOTAL EDADES;TOTAL;2014;50.42959382726786
01 Araba/�lava;TOTAL EDADES;TOTAL;2015;50.47273581174609
01 Araba/�lava;TOTAL EDADES;TOTAL;2016;50.56243559603364
01 Araba/�lava;TOTAL EDADES;TOTAL;2017;50.59190260094189
01 Araba/�lava;TOTAL EDADES;TOTAL;2018;50.68690173565078
01 Araba/�lava;TOTAL EDADES;TOTAL;2019;50.686323891792775
01 Araba/�lava;TOTAL EDADES;TOTAL;2020;50.732466910223394
01 Araba/�lava;TOTAL EDADES;TOTAL;2021;50.76762602435062
01 Araba/�lava;TOTAL EDADES;TOTAL;2022;50.783763740535626
02 Albacete;TOTAL EDADES;TOTAL;1998;50.34593150528309
02 Albacete;TOTAL EDADES;TOTAL;1999;50.36022835236731
02 Albacete;TOTAL EDADES;TOTAL;2000;50.3635107346468
02 Albacete;TOTAL EDADES;TOTAL;2001;50.22203586879872
02 Albacete;TOTAL EDADES;TOTAL;2002;50.11713696283088
02 Albacete;TOTAL EDADES;TOTAL;2003;50.03691350024964
02 Albacete;TOTAL EDADES;TOTAL;2004;49.994992726276074
02 Albacete;TOTAL EDADES;TOTAL;2005;49.92096505823627
02 Albacete;TOTAL EDADES;TOTAL;2006;49.86611910498429
02 Albacete;TOTAL EDADES;TOTAL;2007;49.817143148606256
02 Albacete;TOTAL EDADES;TOTAL;2008;49.72993235100995
02 Albacete;TOTAL EDADES;TOTAL;2009;49.82127311413826
02 Albacete;TOTAL EDADES;TOTAL;2010;49.8618310006423
02 Albacete;TOTAL EDADES;TOTAL;2011;49.94009713709056
02 Albacete;TOTAL EDADES;TOTAL;2012;49.945014981245514
02 Albacete;TOTAL EDADES;TOTAL;2013;49.99687505468655
02 Albacete;TOTAL EDADES;TOTAL;2014;50.06637496945744
02 Albacete;TOTAL EDADES;TOTAL;2015;50.06994779258959
02 Albacete;TOTAL EDADES;TOTAL;2016;50.055595509514994
02 Albacete;TOTAL EDADES;TOTAL;2017;50.069994256881486
02 Albacete;TOTAL EDADES;TOTAL;2018;50.06044456333304
02 Albacete;TOTAL EDADES;TOTAL;2019;50.044439635517705
02 Albacete;TOTAL EDADES;TOTAL;2020;50.0139078476318
02 Albacete;TOTAL EDADES;TOTAL;2021;50.00698642046866
02 Albacete;TOTAL EDADES;TOTAL;2022;49.97420455399804
04 Almer�a;TOTAL EDADES;TOTAL;1998;50.1082208258812
04 Almer�a;TOTAL EDADES;TOTAL;1999;50.008092145159445
04 Almer�a;TOTAL EDADES;TOTAL;2000;49.947995963174584
04 Almer�a;TOTAL EDADES;TOTAL;2001;49.44464033850494
04 Almer�a;TOTAL EDADES;TOTAL;2002;49.42707933057394
04 Almer�a;TOTAL EDADES;TOTAL;2003;49.179742088411665
04 Almer�a;TOTAL EDADES;TOTAL;2004;49.28500871436034
04 Almer�a;TOTAL EDADES;TOTAL;2005;48.54674473106162
04 Almer�a;TOTAL EDADES;TOTAL;2006;48.15884249429897
04 Almer�a;TOTAL EDADES;TOTAL;2007;48.46736866197673
04 Almer�a;TOTAL EDADES;TOTAL;2008;48.51737850771754
04 Almer�a;TOTAL EDADES;TOTAL;2009;48.512330040062764
04 Almer�a;TOTAL EDADES;TOTAL;2010;48.51457818160906
04 Almer�a;TOTAL EDADES;TOTAL;2011;48.608532210996
04 Almer�a;TOTAL EDADES;TOTAL;2012;48.94386547366657
04 Almer�a;TOTAL EDADES;TOTAL;2013;49.14296418423947
04 Almer�a;TOTAL EDADES;TOTAL;2014;49.17071404954908
04 Almer�a;TOTAL EDADES;TOTAL;2015;49.22241664777079
04 Almer�a;TOTAL EDADES;TOTAL;2016;49.13750874985979
04 Almer�a;TOTAL EDADES;TOTAL;2017;49.10283695972105
04 Almer�a;TOTAL EDADES;TOTAL;2018;49.06264978712606
04 Almer�a;TOTAL EDADES;TOTAL;2019;48.98286878156301
04 Almer�a;TOTAL EDADES;TOTAL;2020;48.95795698850874
04 Almer�a;TOTAL EDADES;TOTAL;2021;49.0106478343573
04 Almer�a;TOTAL EDADES;TOTAL;2022;48.948326477919984
05 �vila;TOTAL EDADES;TOTAL;1998;49.732546729531144
05 �vila;TOTAL EDADES;TOTAL;1999;49.81264172165116
05 �vila;TOTAL EDADES;TOTAL;2000;49.82150541544689
05 �vila;TOTAL EDADES;TOTAL;2001;49.783689782469416
05 �vila;TOTAL EDADES;TOTAL;2002;49.76867831752837
05 �vila;TOTAL EDADES;TOTAL;2003;49.82112642011119
05 �vila;TOTAL EDADES;TOTAL;2004;49.79591591013076
05 �vila;TOTAL EDADES;TOTAL;2005;49.745557737439526
05 �vila;TOTAL EDADES;TOTAL;2006;49.77296833474359
05 �vila;TOTAL EDADES;TOTAL;2007;49.65725399969165
05 �vila;TOTAL EDADES;TOTAL;2008;49.45959316706923
05 �vila;TOTAL EDADES;TOTAL;2009;49.487418452935685
05 �vila;TOTAL EDADES;TOTAL;2010;49.546237259738454
05 �vila;TOTAL EDADES;TOTAL;2011;49.57557439318139
05 �vila;TOTAL EDADES;TOTAL;2012;49.53201179458734
05 �vila;TOTAL EDADES;TOTAL;2013;49.63719828224493
05 �vila;TOTAL EDADES;TOTAL;2014;49.706313804149325
05 �vila;TOTAL EDADES;TOTAL;2015;49.74685463089283
05 �vila;TOTAL EDADES;TOTAL;2016;49.77048131237924
05 �vila;TOTAL EDADES;TOTAL;2017;49.79838207840697
05 �vila;TOTAL EDADES;TOTAL;2018;49.817663314363585
05 �vila;TOTAL EDADES;TOTAL;2019;49.84077645267699
05 �vila;TOTAL EDADES;TOTAL;2020;49.824309924903595
05 �vila;TOTAL EDADES;TOTAL;2021;49.7781228498747
05 �vila;TOTAL EDADES;TOTAL;2022;49.764765397748825
06 Badajoz;TOTAL EDADES;TOTAL;1998;50.56364614200297
06 Badajoz;TOTAL EDADES;TOTAL;1999;50.567462854993416
06 Badajoz;TOTAL EDADES;TOTAL;2000;50.56491114623024
06 Badajoz;TOTAL EDADES;TOTAL;2001;50.55679253776057
06 Badajoz;TOTAL EDADES;TOTAL;2002;50.56019239357401
06 Badajoz;TOTAL EDADES;TOTAL;2003;50.56835489231567
06 Badajoz;TOTAL EDADES;TOTAL;2004;50.51649655970213
06 Badajoz;TOTAL EDADES;TOTAL;2005;50.47199534037738
06 Badajoz;TOTAL EDADES;TOTAL;2006;50.44218485049162
06 Badajoz;TOTAL EDADES;TOTAL;2007;50.44490529272956
06 Badajoz;TOTAL EDADES;TOTAL;2008;50.34732052430806
06 Badajoz;TOTAL EDADES;TOTAL;2009;50.35955033341706
06 Badajoz;TOTAL EDADES;TOTAL;2010;50.39089082074793
06 Badajoz;TOTAL EDADES;TOTAL;2011;50.38469796994182
06 Badajoz;TOTAL EDADES;TOTAL;2012;50.37096869407214
06 Badajoz;TOTAL EDADES;TOTAL;2013;50.37024544166382
06 Badajoz;TOTAL EDADES;TOTAL;2014;50.40677117330434
06 Badajoz;TOTAL EDADES;TOTAL;2015;50.435251117615366
06 Badajoz;TOTAL EDADES;TOTAL;2016;50.45350694987524
06 Badajoz;TOTAL EDADES;TOTAL;2017;50.49655529472674
06 Badajoz;TOTAL EDADES;TOTAL;2018;50.52515169077555
06 Badajoz;TOTAL EDADES;TOTAL;2019;50.54449573088624
06 Badajoz;TOTAL EDADES;TOTAL;2020;50.57495718878741
06 Badajoz;TOTAL EDADES;TOTAL;2021;50.58907996650461
06 Badajoz;TOTAL EDADES;TOTAL;2022;50.59650269651904
07 Balears, Illes;TOTAL EDADES;TOTAL;1998;50.67879665981572
07 Balears, Illes;TOTAL EDADES;TOTAL;1999;50.553892579883666
07 Balears, Illes;TOTAL EDADES;TOTAL;2000;50.43990870711777
07 Balears, Illes;TOTAL EDADES;TOTAL;2001;50.22461180910671
07 Balears, Illes;TOTAL EDADES;TOTAL;2002;50.01472243306201
07 Balears, Illes;TOTAL EDADES;TOTAL;2003;49.940096752980125
07 Balears, Illes;TOTAL EDADES;TOTAL;2004;49.945185828940005
07 Balears, Illes;TOTAL EDADES;TOTAL;2005;49.8905028933072
09 Burgos;TOTAL EDADES;TOTAL;1998;49.99494738057773
09 Burgos;TOTAL EDADES;TOTAL;1999;49.96543957974529
09 Burgos;TOTAL EDADES;TOTAL;2000;49.97840110586338
09 Burgos;TOTAL EDADES;TOTAL;2001;49.905091335296305
09 Burgos;TOTAL EDADES;TOTAL;2002;49.88418674143733
09 Burgos;TOTAL EDADES;TOTAL;2003;49.84867893188441
09 Burgos;TOTAL EDADES;TOTAL;2004;49.796738273523786
09 Burgos;TOTAL EDADES;TOTAL;2005;49.69544707925578
09 Burgos;TOTAL EDADES;TOTAL;2006;49.610304665900834
09 Burgos;TOTAL EDADES;TOTAL;2007;49.528105975320514
09 Burgos;TOTAL EDADES;TOTAL;2008;49.240242779764074
09 Burgos;TOTAL EDADES;TOTAL;2009;49.33712852437541
09 Burgos;TOTAL EDADES;TOTAL;2010;49.455480676367166
09 Burgos;TOTAL EDADES;TOTAL;2011;49.51458378254631
09 Burgos;TOTAL EDADES;TOTAL;2012;49.56289836520254
09 Burgos;TOTAL EDADES;TOTAL;2013;49.72686721544628
09 Burgos;TOTAL EDADES;TOTAL;2014;49.88225674570728
09 Burgos;TOTAL EDADES;TOTAL;2015;49.961263949099184
09 Burgos;TOTAL EDADES;TOTAL;2016;50.022022465685126
09 Burgos;TOTAL EDADES;TOTAL;2017;50.04648617559769
09 Burgos;TOTAL EDADES;TOTAL;2018;50.05545131206767
09 Burgos;TOTAL EDADES;TOTAL;2019;50.06975610576034
09 Burgos;TOTAL EDADES;TOTAL;2020;50.06906193205648
09 Burgos;TOTAL EDADES;TOTAL;2021;50.030191964724544
09 Burgos;TOTAL EDADES;TOTAL;2022;50.01225196806038
10 C�ceres;TOTAL EDADES;TOTAL;1998;49.99358999644985
10 C�ceres;TOTAL EDADES;TOTAL;1999;49.88005839358942
10 C�ceres;TOTAL EDADES;TOTAL;2000;49.957550804081016
10 C�ceres;TOTAL EDADES;TOTAL;2001;49.84601471414954
10 C�ceres;TOTAL EDADES;TOTAL;2002;49.822787525411826
10 C�ceres;TOTAL EDADES;TOTAL;2003;49.82763741534027
10 C�ceres;TOTAL EDADES;TOTAL;2004;49.880891611366344
10 C�ceres;TOTAL EDADES;TOTAL;2005;49.88996073488779
10 C�ceres;TOTAL EDADES;TOTAL;2006;49.96524573806185
10 C�ceres;TOTAL EDADES;TOTAL;2007;50.06913209454452
10 C�ceres;TOTAL EDADES;TOTAL;2008;50.07272762534607
10 C�ceres;TOTAL EDADES;TOTAL;2009;50.284914404798464
10 C�ceres;TOTAL EDADES;TOTAL;2010;50.285123698151935
10 C�ceres;TOTAL EDADES;TOTAL;2011;50.276810945345474
10 C�ceres;TOTAL EDADES;TOTAL;2012;50.28155426659284
10 C�ceres;TOTAL EDADES;TOTAL;2013;50.33623788922065
10 C�ceres;TOTAL EDADES;TOTAL;2014;50.339977930184034
10 C�ceres;TOTAL EDADES;TOTAL;2015;50.352354486089204
10 C�ceres;TOTAL EDADES;TOTAL;2016;50.38336244162858
10 C�ceres;TOTAL EDADES;TOTAL;2017;50.38096571308582
10 C�ceres;TOTAL EDADES;TOTAL;2018;50.40972339572293
10 C�ceres;TOTAL EDADES;TOTAL;2019;50.428135410033214
10 C�ceres;TOTAL EDADES;TOTAL;2020;50.46982263621283
10 C�ceres;TOTAL EDADES;TOTAL;2021;50.46924976511842
10 C�ceres;TOTAL EDADES;TOTAL;2022;50.50192751511713
12 Castell�n/Castell�;TOTAL EDADES;TOTAL;1998;50.56853623037738
12 Castell�n/Castell�;TOTAL EDADES;TOTAL;1999;50.50641703801067
12 Castell�n/Castell�;TOTAL EDADES;TOTAL;2000;50.4474213982314
12 Castell�n/Castell�;TOTAL EDADES;TOTAL;2001;50.29752273931154
12 Castell�n/Castell�;TOTAL EDADES;TOTAL;2002;50.041597088802305
12 Castell�n/Castell�;TOTAL EDADES;TOTAL;2003;49.938734830840595
12 Castell�n/Castell�;TOTAL EDADES;TOTAL;2004;49.919123154671034
12 Castell�n/Castell�;TOTAL EDADES;TOTAL;2005;49.81635236791356
12 Castell�n/Castell�;TOTAL EDADES;TOTAL;2006;49.73926372148114
12 Castell�n/Castell�;TOTAL EDADES;TOTAL;2007;49.74916358790263
12 Castell�n/Castell�;TOTAL EDADES;TOTAL;2008;49.601371624517796
12 Castell�n/Castell�;TOTAL EDADES;TOTAL;2009;49.616553849321186
12 Castell�n/Castell�;TOTAL EDADES;TOTAL;2010;49.776094950304
12 Castell�n/Castell�;TOTAL EDADES;TOTAL;2011;49.88698489601948
12 Castell�n/Castell�;TOTAL EDADES;TOTAL;2012;49.893311543525584
12 Castell�n/Castell�;TOTAL EDADES;TOTAL;2013;49.97631706218558
12 Castell�n/Castell�;TOTAL EDADES;TOTAL;2014;50.16169992578824
12 Castell�n/Castell�;TOTAL EDADES;TOTAL;2015;50.24788477951392
12 Castell�n/Castell�;TOTAL EDADES;TOTAL;2016;50.314288427176756
12 Castell�n/Castell�;TOTAL EDADES;TOTAL;2017;50.394112638365165
12 Castell�n/Castell�;TOTAL EDADES;TOTAL;2018;50.36228241387558
12 Castell�n/Castell�;TOTAL EDADES;TOTAL;2019;50.32829737120708
12 Castell�n/Castell�;TOTAL EDADES;TOTAL;2020;50.34085281510955
12 Castell�n/Castell�;TOTAL EDADES;TOTAL;2021;50.3606080427347
12 Castell�n/Castell�;TOTAL EDADES;TOTAL;2022;50.374862855053024
13 Ciudad Real;TOTAL EDADES;TOTAL;1998;50.993797369617546
13 Ciudad Real;TOTAL EDADES;TOTAL;1999;50.984267993078504
13 Ciudad Real;TOTAL EDADES;TOTAL;2000;51.00255332719305
13 Ciudad Real;TOTAL EDADES;TOTAL;2001;50.89901187050886
13 Ciudad Real;TOTAL EDADES;TOTAL;2002;50.782304919291896
13 Ciudad Real;TOTAL EDADES;TOTAL;2003;50.662743248508214
13 Ciudad Real;TOTAL EDADES;TOTAL;2004;50.55973252940675
13 Ciudad Real;TOTAL EDADES;TOTAL;2005;50.44694636643603
13 Ciudad Real;TOTAL EDADES;TOTAL;2006;50.36834338205121
13 Ciudad Real;TOTAL EDADES;TOTAL;2007;50.31129808163537
13 Ciudad Real;TOTAL EDADES;TOTAL;2008;50.10003005687834
13 Ciudad Real;TOTAL EDADES;TOTAL;2009;50.11350856197833
13 Ciudad Real;TOTAL EDADES;TOTAL;2010;50.11870742067758
13 Ciudad Real;TOTAL EDADES;TOTAL;2011;50.19040882727401
13 Ciudad Real;TOTAL EDADES;TOTAL;2012;50.199528524281
13 Ciudad Real;TOTAL EDADES;TOTAL;2013;50.303450535467334
13 Ciudad Real;TOTAL EDADES;TOTAL;2014;50.36344356280539
13 Ciudad Real;TOTAL EDADES;TOTAL;2015;50.44489822138042
13 Ciudad Real;TOTAL EDADES;TOTAL;2016;50.51234197692587
13 Ciudad Real;TOTAL EDADES;TOTAL;2017;50.58916227928799
13 Ciudad Real;TOTAL EDADES;TOTAL;2018;50.57984371869364
13 Ciudad Real;TOTAL EDADES;TOTAL;2019;50.60583627998167
13 Ciudad Real;TOTAL EDADES;TOTAL;2020;50.541465927339935
13 Ciudad Real;TOTAL EDADES;TOTAL;2021;50.51411820354006
13 Ciudad Real;TOTAL EDADES;TOTAL;2022;50.50631002880975
14 C�rdoba;TOTAL EDADES;TOTAL;1998;51.08756150813048
14 C�rdoba;TOTAL EDADES;TOTAL;1999;51.05389006551525
14 C�rdoba;TOTAL EDADES;TOTAL;2000;51.08035624911438
14 C�rdoba;TOTAL EDADES;TOTAL;2001;51.078642195874615
14 C�rdoba;TOTAL EDADES;TOTAL;2002;51.068236136272574
14 C�rdoba;TOTAL EDADES;TOTAL;2003;51.028811357520645
14 C�rdoba;TOTAL EDADES;TOTAL;2004;50.99016502750459
14 C�rdoba;TOTAL EDADES;TOTAL;2005;50.94839719726254
14 C�rdoba;TOTAL EDADES;TOTAL;2006;50.91394377935955
14 C�rdoba;TOTAL EDADES;TOTAL;2007;50.87328416954689
14 C�rdoba;TOTAL EDADES;TOTAL;2008;50.84536980704086
14 C�rdoba;TOTAL EDADES;TOTAL;2009;50.84253940930201
14 C�rdoba;TOTAL EDADES;TOTAL;2010;50.86746125985583
14 C�rdoba;TOTAL EDADES;TOTAL;2011;50.87738891639584
14 C�rdoba;TOTAL EDADES;TOTAL;2012;50.86376846182339
14 C�rdoba;TOTAL EDADES;TOTAL;2013;50.87510063283409
14 C�rdoba;TOTAL EDADES;TOTAL;2014;50.88278488169906
14 C�rdoba;TOTAL EDADES;TOTAL;2015;50.9108094282256
14 C�rdoba;TOTAL EDADES;TOTAL;2016;50.926592640315306
14 C�rdoba;TOTAL EDADES;TOTAL;2017;50.93546336741438
14 C�rdoba;TOTAL EDADES;TOTAL;2018;50.95957923692119
14 C�rdoba;TOTAL EDADES;TOTAL;2019;50.983359706965324
14 C�rdoba;TOTAL EDADES;TOTAL;2020;51.003197897245
14 C�rdoba;TOTAL EDADES;TOTAL;2021;51.01977499681381
14 C�rdoba;TOTAL EDADES;TOTAL;2022;51.02775016052527
16 Cuenca;TOTAL EDADES;TOTAL;1998;50.25717529108024
16 Cuenca;TOTAL EDADES;TOTAL;1999;50.19580718838791
16 Cuenca;TOTAL EDADES;TOTAL;2000;50.199201205652244
16 Cuenca;TOTAL EDADES;TOTAL;2001;50.06599644710856
16 Cuenca;TOTAL EDADES;TOTAL;2002;49.8804646502723
16 Cuenca;TOTAL EDADES;TOTAL;2003;49.72953266792129
16 Cuenca;TOTAL EDADES;TOTAL;2004;49.67048976758285
16 Cuenca;TOTAL EDADES;TOTAL;2005;49.55523286564667
16 Cuenca;TOTAL EDADES;TOTAL;2006;49.63569428998734
16 Cuenca;TOTAL EDADES;TOTAL;2007;49.55269071555293
16 Cuenca;TOTAL EDADES;TOTAL;2008;49.33991099714782
16 Cuenca;TOTAL EDADES;TOTAL;2009;49.263674130371776
16 Cuenca;TOTAL EDADES;TOTAL;2010;49.299086883830306
16 Cuenca;TOTAL EDADES;TOTAL;2011;49.323257490713615
16 Cuenca;TOTAL EDADES;TOTAL;2012;49.33864132528573
16 Cuenca;TOTAL EDADES;TOTAL;2013;49.451861500054264
16 Cuenca;TOTAL EDADES;TOTAL;2014;49.58471720760283
16 Cuenca;TOTAL EDADES;TOTAL;2015;49.674991782811105
16 Cuenca;TOTAL EDADES;TOTAL;2016;49.72074540833835
16 Cuenca;TOTAL EDADES;TOTAL;2017;49.76750973741685
16 Cuenca;TOTAL EDADES;TOTAL;2018;49.803267383963245
16 Cuenca;TOTAL EDADES;TOTAL;2019;49.807720713699965
16 Cuenca;TOTAL EDADES;TOTAL;2020;49.816201775271615
16 Cuenca;TOTAL EDADES;TOTAL;2021;49.81587184680538
16 Cuenca;TOTAL EDADES;TOTAL;2022;49.78408421484005
17 Girona;TOTAL EDADES;TOTAL;1998;50.404185636359955
17 Girona;TOTAL EDADES;TOTAL;1999;50.32673832741784
17 Girona;TOTAL EDADES;TOTAL;2000;50.23682856582137
17 Girona;TOTAL EDADES;TOTAL;2001;50.08763909255586
17 Girona;TOTAL EDADES;TOTAL;2002;49.89951714729014
17 Girona;TOTAL EDADES;TOTAL;2003;49.73083402722643
17 Girona;TOTAL EDADES;TOTAL;2004;49.68578964410451
17 Girona;TOTAL EDADES;TOTAL;2005;49.40512200040331
17 Girona;TOTAL EDADES;TOTAL;2006;49.235230187493364
17 Girona;TOTAL EDADES;TOTAL;2007;49.28977534215539
17 Girona;TOTAL EDADES;TOTAL;2008;49.13453865745549
17 Girona;TOTAL EDADES;TOTAL;2009;49.23266406519547
17 Girona;TOTAL EDADES;TOTAL;2010;49.435625446519865
17 Girona;TOTAL EDADES;TOTAL;2011;49.59791757508491
17 Girona;TOTAL EDADES;TOTAL;2012;49.656721728615196
17 Girona;TOTAL EDADES;TOTAL;2013;49.75460589891181
17 Girona;TOTAL EDADES;TOTAL;2014;49.85492411618767
17 Girona;TOTAL EDADES;TOTAL;2015;49.94568782583985
17 Girona;TOTAL EDADES;TOTAL;2016;49.97943140439716
17 Girona;TOTAL EDADES;TOTAL;2017;50.032154936510544
17 Girona;TOTAL EDADES;TOTAL;2018;50.03720731231962
17 Girona;TOTAL EDADES;TOTAL;2019;50.02905151975763
17 Girona;TOTAL EDADES;TOTAL;2020;49.963033456640424
17 Girona;TOTAL EDADES;TOTAL;2021;49.94012173974951
17 Girona;TOTAL EDADES;TOTAL;2022;49.91379723193334
18 Granada;TOTAL EDADES;TOTAL;1998;51.08858591796819
18 Granada;TOTAL EDADES;TOTAL;1999;51.07980828006754
18 Granada;TOTAL EDADES;TOTAL;2000;51.09307246935738
18 Granada;TOTAL EDADES;TOTAL;2001;50.99017150338959
18 Granada;TOTAL EDADES;TOTAL;2002;50.89851872926484
18 Granada;TOTAL EDADES;TOTAL;2003;50.81638000886359
18 Granada;TOTAL EDADES;TOTAL;2004;50.75699161327192
18 Granada;TOTAL EDADES;TOTAL;2005;50.66570023394177
18 Granada;TOTAL EDADES;TOTAL;2006;50.54463446034166
18 Granada;TOTAL EDADES;TOTAL;2007;50.48269481132769
18 Granada;TOTAL EDADES;TOTAL;2008;50.36949912341049
18 Granada;TOTAL EDADES;TOTAL;2009;50.54329379300617
18 Granada;TOTAL EDADES;TOTAL;2010;50.577514617589905
18 Granada;TOTAL EDADES;TOTAL;2011;50.56146233302689
18 Granada;TOTAL EDADES;TOTAL;2012;50.56862507151154
18 Granada;TOTAL EDADES;TOTAL;2013;50.651514871334115
18 Granada;TOTAL EDADES;TOTAL;2014;50.68741809006422
18 Granada;TOTAL EDADES;TOTAL;2015;50.73493099835713
18 Granada;TOTAL EDADES;TOTAL;2016;50.715321960427886
18 Granada;TOTAL EDADES;TOTAL;2017;50.7281984099687
18 Granada;TOTAL EDADES;TOTAL;2018;50.73672669462489
18 Granada;TOTAL EDADES;TOTAL;2019;50.741681772164625
18 Granada;TOTAL EDADES;TOTAL;2020;50.76036154435315
18 Granada;TOTAL EDADES;TOTAL;2021;50.758245074011924
18 Granada;TOTAL EDADES;TOTAL;2022;50.740954048159026
19 Guadalajara;TOTAL EDADES;TOTAL;1998;49.49884203325154
19 Guadalajara;TOTAL EDADES;TOTAL;1999;49.53021296599843
19 Guadalajara;TOTAL EDADES;TOTAL;2000;49.507399589953245
19 Guadalajara;TOTAL EDADES;TOTAL;2001;49.41993330690483
19 Guadalajara;TOTAL EDADES;TOTAL;2002;49.25321077176659
19 Guadalajara;TOTAL EDADES;TOTAL;2003;49.092056029416526
19 Guadalajara;TOTAL EDADES;TOTAL;2004;48.99207376503896
19 Guadalajara;TOTAL EDADES;TOTAL;2005;48.913550312412575
19 Guadalajara;TOTAL EDADES;TOTAL;2006;48.92203929650359
19 Guadalajara;TOTAL EDADES;TOTAL;2007;48.76827504953677
19 Guadalajara;TOTAL EDADES;TOTAL;2008;48.55606067615134
19 Guadalajara;TOTAL EDADES;TOTAL;2009;48.564905281717316
19 Guadalajara;TOTAL EDADES;TOTAL;2010;48.6530213107651
19 Guadalajara;TOTAL EDADES;TOTAL;2011;48.712669762653974
19 Guadalajara;TOTAL EDADES;TOTAL;2012;48.75143043188448
19 Guadalajara;TOTAL EDADES;TOTAL;2013;48.86137442137489
19 Guadalajara;TOTAL EDADES;TOTAL;2014;49.027506988325385
19 Guadalajara;TOTAL EDADES;TOTAL;2015;49.16865731652515
19 Guadalajara;TOTAL EDADES;TOTAL;2016;49.278714973782236
19 Guadalajara;TOTAL EDADES;TOTAL;2017;49.33441238008764
19 Guadalajara;TOTAL EDADES;TOTAL;2018;49.331519260109786
19 Guadalajara;TOTAL EDADES;TOTAL;2019;49.358710748675136
19 Guadalajara;TOTAL EDADES;TOTAL;2020;49.29712399091586
19 Guadalajara;TOTAL EDADES;TOTAL;2021;49.310962844706836
19 Guadalajara;TOTAL EDADES;TOTAL;2022;49.31879296005251
20 Gipuzkoa;TOTAL EDADES;TOTAL;1998;50.94842254807899
20 Gipuzkoa;TOTAL EDADES;TOTAL;1999;50.87697021150935
20 Gipuzkoa;TOTAL EDADES;TOTAL;2000;50.91010789407834
20 Gipuzkoa;TOTAL EDADES;TOTAL;2001;50.88571894910664
20 Gipuzkoa;TOTAL EDADES;TOTAL;2002;50.851932056277164
20 Gipuzkoa;TOTAL EDADES;TOTAL;2003;50.84729170562932
20 Gipuzkoa;TOTAL EDADES;TOTAL;2004;50.83093837989958
20 Gipuzkoa;TOTAL EDADES;TOTAL;2005;50.83475144763819
20 Gipuzkoa;TOTAL EDADES;TOTAL;2006;50.85222468727192
20 Gipuzkoa;TOTAL EDADES;TOTAL;2007;50.87373946677718
20 Gipuzkoa;TOTAL EDADES;TOTAL;2008;50.83431280810663
20 Gipuzkoa;TOTAL EDADES;TOTAL;2009;50.85433145623198
20 Gipuzkoa;TOTAL EDADES;TOTAL;2010;50.933811043416654
20 Gipuzkoa;TOTAL EDADES;TOTAL;2011;51.007670442935314
20 Gipuzkoa;TOTAL EDADES;TOTAL;2012;51.0382714714428
20 Gipuzkoa;TOTAL EDADES;TOTAL;2013;51.03079496454278
20 Gipuzkoa;TOTAL EDADES;TOTAL;2014;51.057123840100225
20 Gipuzkoa;TOTAL EDADES;TOTAL;2015;51.062728609413064
20 Gipuzkoa;TOTAL EDADES;TOTAL;2016;51.103043609089596
20 Gipuzkoa;TOTAL EDADES;TOTAL;2017;51.164911675810046
20 Gipuzkoa;TOTAL EDADES;TOTAL;2018;51.193463152519044
20 Gipuzkoa;TOTAL EDADES;TOTAL;2019;51.1643559211472
20 Gipuzkoa;TOTAL EDADES;TOTAL;2020;51.15943563725982
20 Gipuzkoa;TOTAL EDADES;TOTAL;2021;51.14312985773374
20 Gipuzkoa;TOTAL EDADES;TOTAL;2022;51.13774091753657
21 Huelva;TOTAL EDADES;TOTAL;1998;50.56084483586587
21 Huelva;TOTAL EDADES;TOTAL;1999;50.552231987707295
21 Huelva;TOTAL EDADES;TOTAL;2000;50.541396694538975
21 Huelva;TOTAL EDADES;TOTAL;2001;50.453511792606065
21 Huelva;TOTAL EDADES;TOTAL;2002;50.315743739971694
21 Huelva;TOTAL EDADES;TOTAL;2003;50.27960867485385
21 Huelva;TOTAL EDADES;TOTAL;2004;50.25330024522401
21 Huelva;TOTAL EDADES;TOTAL;2005;50.15585210172967
21 Huelva;TOTAL EDADES;TOTAL;2006;50.00629858545962
21 Huelva;TOTAL EDADES;TOTAL;2007;50.13754066441485
21 Huelva;TOTAL EDADES;TOTAL;2008;50.30782709705364
21 Huelva;TOTAL EDADES;TOTAL;2009;50.30336791954858
21 Huelva;TOTAL EDADES;TOTAL;2010;50.25565500375424
21 Huelva;TOTAL EDADES;TOTAL;2011;50.31074701897435
21 Huelva;TOTAL EDADES;TOTAL;2012;50.394176666118405
21 Huelva;TOTAL EDADES;TOTAL;2013;50.37394270437208
21 Huelva;TOTAL EDADES;TOTAL;2014;50.399149508213135
21 Huelva;TOTAL EDADES;TOTAL;2015;50.444120096073775
21 Huelva;TOTAL EDADES;TOTAL;2016;50.4286022217261
21 Huelva;TOTAL EDADES;TOTAL;2017;50.35688821228297
21 Huelva;TOTAL EDADES;TOTAL;2018;50.43332589646338
21 Huelva;TOTAL EDADES;TOTAL;2019;50.483262115086134
21 Huelva;TOTAL EDADES;TOTAL;2020;50.50412185901373
21 Huelva;TOTAL EDADES;TOTAL;2021;50.44434090541709
21 Huelva;TOTAL EDADES;TOTAL;2022;50.40575834542129
22 Huesca;TOTAL EDADES;TOTAL;1998;49.81654599035891
22 Huesca;TOTAL EDADES;TOTAL;1999;49.795306407566606
22 Huesca;TOTAL EDADES;TOTAL;2000;49.75417417125054
22 Huesca;TOTAL EDADES;TOTAL;2001;49.64385424000388
22 Huesca;TOTAL EDADES;TOTAL;2002;49.48100859960854
22 Huesca;TOTAL EDADES;TOTAL;2003;49.37572768664275
22 Huesca;TOTAL EDADES;TOTAL;2004;49.29051530993278
22 Huesca;TOTAL EDADES;TOTAL;2005;49.1026757588111
22 Huesca;TOTAL EDADES;TOTAL;2006;49.09573760566546
22 Huesca;TOTAL EDADES;TOTAL;2007;49.12565252354537
22 Huesca;TOTAL EDADES;TOTAL;2008;48.97745382228516
22 Huesca;TOTAL EDADES;TOTAL;2009;48.938089129587716
22 Huesca;TOTAL EDADES;TOTAL;2010;49.01953921405634
22 Huesca;TOTAL EDADES;TOTAL;2011;49.1051449240457
22 Huesca;TOTAL EDADES;TOTAL;2012;49.249809981151884
22 Huesca;TOTAL EDADES;TOTAL;2013;49.28577424899151
22 Huesca;TOTAL EDADES;TOTAL;2014;49.383973073554195
22 Huesca;TOTAL EDADES;TOTAL;2015;49.47444921470196
22 Huesca;TOTAL EDADES;TOTAL;2016;49.52166420148453
22 Huesca;TOTAL EDADES;TOTAL;2017;49.543472521870534
22 Huesca;TOTAL EDADES;TOTAL;2018;49.5776060543892
22 Huesca;TOTAL EDADES;TOTAL;2019;49.547539020507024
22 Huesca;TOTAL EDADES;TOTAL;2020;49.49009147368279
22 Huesca;TOTAL EDADES;TOTAL;2021;49.342293011807506
22 Huesca;TOTAL EDADES;TOTAL;2022;49.27125470158257
23 Ja�n;TOTAL EDADES;TOTAL;1998;50.561171398840486
23 Ja�n;TOTAL EDADES;TOTAL;1999;50.5492086654291
23 Ja�n;TOTAL EDADES;TOTAL;2000;50.565655533202936
23 Ja�n;TOTAL EDADES;TOTAL;2001;50.50752499686427
23 Ja�n;TOTAL EDADES;TOTAL;2002;50.48170568763353
23 Ja�n;TOTAL EDADES;TOTAL;2003;50.413389301144164
23 Ja�n;TOTAL EDADES;TOTAL;2004;50.359381350674916
23 Ja�n;TOTAL EDADES;TOTAL;2005;50.31819641245282
23 Ja�n;TOTAL EDADES;TOTAL;2006;50.28359066979906
23 Ja�n;TOTAL EDADES;TOTAL;2007;50.2749939074107
23 Ja�n;TOTAL EDADES;TOTAL;2008;50.172450474800655
23 Ja�n;TOTAL EDADES;TOTAL;2009;50.354443684661575
23 Ja�n;TOTAL EDADES;TOTAL;2010;50.36980384965734
23 Ja�n;TOTAL EDADES;TOTAL;2011;50.28571428571429
23 Ja�n;TOTAL EDADES;TOTAL;2012;50.13353385791998
23 Ja�n;TOTAL EDADES;TOTAL;2013;50.293721312165744
23 Ja�n;TOTAL EDADES;TOTAL;2014;50.44512186794895
23 Ja�n;TOTAL EDADES;TOTAL;2015;50.4928382530535
23 Ja�n;TOTAL EDADES;TOTAL;2016;50.50335518704203
23 Ja�n;TOTAL EDADES;TOTAL;2017;50.51469811215197
23 Ja�n;TOTAL EDADES;TOTAL;2018;50.548582586714595
23 Ja�n;TOTAL EDADES;TOTAL;2019;50.540750421425464
23 Ja�n;TOTAL EDADES;TOTAL;2020;50.52686096033933
23 Ja�n;TOTAL EDADES;TOTAL;2021;50.52169199126262
23 Ja�n;TOTAL EDADES;TOTAL;2022;50.50427968404566
24 Le�n;TOTAL EDADES;TOTAL;1998;51.10858767884826
24 Le�n;TOTAL EDADES;TOTAL;1999;51.10135811463127
24 Le�n;TOTAL EDADES;TOTAL;2000;51.15412571815475
24 Le�n;TOTAL EDADES;TOTAL;2001;51.18364339952394
24 Le�n;TOTAL EDADES;TOTAL;2002;51.19167228760407
24 Le�n;TOTAL EDADES;TOTAL;2003;51.18810962947431
24 Le�n;TOTAL EDADES;TOTAL;2004;51.221383341451535
24 Le�n;TOTAL EDADES;TOTAL;2005;51.24923876088421
24 Le�n;TOTAL EDADES;TOTAL;2006;51.21642316793885
24 Le�n;TOTAL EDADES;TOTAL;2007;51.156946200845624
24 Le�n;TOTAL EDADES;TOTAL;2008;51.062375049980005
24 Le�n;TOTAL EDADES;TOTAL;2009;51.07333721202234
24 Le�n;TOTAL EDADES;TOTAL;2010;51.09016111071054
24 Le�n;TOTAL EDADES;TOTAL;2011;51.1216374480463
24 Le�n;TOTAL EDADES;TOTAL;2012;51.107592056644634
24 Le�n;TOTAL EDADES;TOTAL;2013;51.163241804015094
24 Le�n;TOTAL EDADES;TOTAL;2014;51.19869443401404
24 Le�n;TOTAL EDADES;TOTAL;2015;51.25856548357825
24 Le�n;TOTAL EDADES;TOTAL;2016;51.28271720678035
24 Le�n;TOTAL EDADES;TOTAL;2017;51.302325780028866
24 Le�n;TOTAL EDADES;TOTAL;2018;51.3427609079108
24 Le�n;TOTAL EDADES;TOTAL;2019;51.36010573890057
24 Le�n;TOTAL EDADES;TOTAL;2020;51.38364600746211
24 Le�n;TOTAL EDADES;TOTAL;2021;51.399361531615696
24 Le�n;TOTAL EDADES;TOTAL;2022;51.42231117477615
25 Lleida;TOTAL EDADES;TOTAL;1998;50.223384548327346
25 Lleida;TOTAL EDADES;TOTAL;1999;50.16459771650234
25 Lleida;TOTAL EDADES;TOTAL;2000;50.1833568406206
25 Lleida;TOTAL EDADES;TOTAL;2001;50.040956323300165
25 Lleida;TOTAL EDADES;TOTAL;2002;49.865653339801376
25 Lleida;TOTAL EDADES;TOTAL;2003;49.6879294776228
25 Lleida;TOTAL EDADES;TOTAL;2004;49.52426952520437
25 Lleida;TOTAL EDADES;TOTAL;2005;49.02400616865153
25 Lleida;TOTAL EDADES;TOTAL;2006;48.87508098239001
25 Lleida;TOTAL EDADES;TOTAL;2007;48.970931004915286
25 Lleida;TOTAL EDADES;TOTAL;2008;48.84204164245956
25 Lleida;TOTAL EDADES;TOTAL;2009;48.878556926870175
25 Lleida;TOTAL EDADES;TOTAL;2010;48.973777082461666
25 Lleida;TOTAL EDADES;TOTAL;2011;49.042748492001046
25 Lleida;TOTAL EDADES;TOTAL;2012;49.1357283446794
25 Lleida;TOTAL EDADES;TOTAL;2013;49.24668019913135
25 Lleida;TOTAL EDADES;TOTAL;2014;49.34006999984019
25 Lleida;TOTAL EDADES;TOTAL;2015;49.37974309048251
25 Lleida;TOTAL EDADES;TOTAL;2016;49.33266672964074
25 Lleida;TOTAL EDADES;TOTAL;2017;49.33693198638247
25 Lleida;TOTAL EDADES;TOTAL;2018;49.28938747787999
25 Lleida;TOTAL EDADES;TOTAL;2019;49.215276021428735
25 Lleida;TOTAL EDADES;TOTAL;2020;49.07312601335866
25 Lleida;TOTAL EDADES;TOTAL;2021;49.02382614667737
25 Lleida;TOTAL EDADES;TOTAL;2022;48.978463810729814
26 Rioja, La;TOTAL EDADES;TOTAL;1998;50.42253948506319
26 Rioja, La;TOTAL EDADES;TOTAL;1999;50.403879658191855
26 Rioja, La;TOTAL EDADES;TOTAL;2000;50.42887749926187
26 Rioja, La;TOTAL EDADES;TOTAL;2001;50.25665680473374
26 Rioja, La;TOTAL EDADES;TOTAL;2002;50.00958759152599
26 Rioja, La;TOTAL EDADES;TOTAL;2003;49.89561223424615
26 Rioja, La;TOTAL EDADES;TOTAL;2004;49.850963880457705
26 Rioja, La;TOTAL EDADES;TOTAL;2005;49.60542572836817
26 Rioja, La;TOTAL EDADES;TOTAL;2006;49.553654484507646
26 Rioja, La;TOTAL EDADES;TOTAL;2007;49.58280469174801
26 Rioja, La;TOTAL EDADES;TOTAL;2008;49.4987417362465
26 Rioja, La;TOTAL EDADES;TOTAL;2009;49.58906068348969
26 Rioja, La;TOTAL EDADES;TOTAL;2010;49.79017725602097
26 Rioja, La;TOTAL EDADES;TOTAL;2011;49.967642550819775
26 Rioja, La;TOTAL EDADES;TOTAL;2012;50.07122793247407
26 Rioja, La;TOTAL EDADES;TOTAL;2013;50.26535042092743
26 Rioja, La;TOTAL EDADES;TOTAL;2014;50.442316976069115
26 Rioja, La;TOTAL EDADES;TOTAL;2015;50.565678293534525
26 Rioja, La;TOTAL EDADES;TOTAL;2016;50.610524582480984
26 Rioja, La;TOTAL EDADES;TOTAL;2017;50.69202012803562
26 Rioja, La;TOTAL EDADES;TOTAL;2018;50.65874712916766
26 Rioja, La;TOTAL EDADES;TOTAL;2019;50.700761999760104
26 Rioja, La;TOTAL EDADES;TOTAL;2020;50.66330326275187
26 Rioja, La;TOTAL EDADES;TOTAL;2021;50.64885114260341
26 Rioja, La;TOTAL EDADES;TOTAL;2022;50.65490853162943
27 Lugo;TOTAL EDADES;TOTAL;1998;51.31053348597284
27 Lugo;TOTAL EDADES;TOTAL;1999;51.34356587288177
27 Lugo;TOTAL EDADES;TOTAL;2000;51.426484947445296
27 Lugo;TOTAL EDADES;TOTAL;2001;51.42986611740474
27 Lugo;TOTAL EDADES;TOTAL;2002;51.467181894068815
27 Lugo;TOTAL EDADES;TOTAL;2003;51.48400053257589
27 Lugo;TOTAL EDADES;TOTAL;2004;51.51038353810272
27 Lugo;TOTAL EDADES;TOTAL;2005;51.51373645578469
27 Lugo;TOTAL EDADES;TOTAL;2006;51.49483307393541
27 Lugo;TOTAL EDADES;TOTAL;2007;51.45449016825461
27 Lugo;TOTAL EDADES;TOTAL;2008;51.3670408298153
27 Lugo;TOTAL EDADES;TOTAL;2009;51.31040695955743
27 Lugo;TOTAL EDADES;TOTAL;2010;51.349065357110526
27 Lugo;TOTAL EDADES;TOTAL;2011;51.39703581486644
27 Lugo;TOTAL EDADES;TOTAL;2012;51.40870502318703
27 Lugo;TOTAL EDADES;TOTAL;2013;51.44203118452045
27 Lugo;TOTAL EDADES;TOTAL;2014;51.473093934902614
27 Lugo;TOTAL EDADES;TOTAL;2015;51.499177927197934
27 Lugo;TOTAL EDADES;TOTAL;2016;51.51830313763829
27 Lugo;TOTAL EDADES;TOTAL;2017;51.511236864348355
27 Lugo;TOTAL EDADES;TOTAL;2018;51.51406314607624
27 Lugo;TOTAL EDADES;TOTAL;2019;51.54966670408724
27 Lugo;TOTAL EDADES;TOTAL;2020;51.56458685271355
27 Lugo;TOTAL EDADES;TOTAL;2021;51.56880247106711
27 Lugo;TOTAL EDADES;TOTAL;2022;51.55175021374182
31 Navarra;TOTAL EDADES;TOTAL;1998;50.51288669019007
31 Navarra;TOTAL EDADES;TOTAL;1999;50.42629398392964
31 Navarra;TOTAL EDADES;TOTAL;2000;50.37746640503019
31 Navarra;TOTAL EDADES;TOTAL;2001;50.1821979890807
31 Navarra;TOTAL EDADES;TOTAL;2002;50.03405731459829
31 Navarra;TOTAL EDADES;TOTAL;2003;50.019716020131085
31 Navarra;TOTAL EDADES;TOTAL;2004;50.05267352334566
31 Navarra;TOTAL EDADES;TOTAL;2005;50.02510649196592
31 Navarra;TOTAL EDADES;TOTAL;2006;50.00332295463834
31 Navarra;TOTAL EDADES;TOTAL;2007;50.100350566782645
31 Navarra;TOTAL EDADES;TOTAL;2008;49.98492851927136
31 Navarra;TOTAL EDADES;TOTAL;2009;49.96875882127191
31 Navarra;TOTAL EDADES;TOTAL;2010;50.00612317953163
31 Navarra;TOTAL EDADES;TOTAL;2011;50.05754994540932
31 Navarra;TOTAL EDADES;TOTAL;2012;50.12876881498558
31 Navarra;TOTAL EDADES;TOTAL;2013;50.202567353063024
31 Navarra;TOTAL EDADES;TOTAL;2014;50.29791351300737
31 Navarra;TOTAL EDADES;TOTAL;2015;50.367383008887145
31 Navarra;TOTAL EDADES;TOTAL;2016;50.38765498004361
31 Navarra;TOTAL EDADES;TOTAL;2017;50.45799817795701
31 Navarra;TOTAL EDADES;TOTAL;2018;50.5108454275628
31 Navarra;TOTAL EDADES;TOTAL;2019;50.53132461243569
31 Navarra;TOTAL EDADES;TOTAL;2020;50.51005978551022
31 Navarra;TOTAL EDADES;TOTAL;2021;50.49936738232328
31 Navarra;TOTAL EDADES;TOTAL;2022;50.51775515458873
32 Ourense;TOTAL EDADES;TOTAL;1998;51.99784989975884
32 Ourense;TOTAL EDADES;TOTAL;1999;52.015508361784626
32 Ourense;TOTAL EDADES;TOTAL;2000;52.070582578546585
32 Ourense;TOTAL EDADES;TOTAL;2001;52.03599295461998
32 Ourense;TOTAL EDADES;TOTAL;2002;52.01211282027414
32 Ourense;TOTAL EDADES;TOTAL;2003;52.02666175744346
32 Ourense;TOTAL EDADES;TOTAL;2004;52.00730034268115
32 Ourense;TOTAL EDADES;TOTAL;2005;51.99246072064908
32 Ourense;TOTAL EDADES;TOTAL;2006;51.93417800756487
32 Ourense;TOTAL EDADES;TOTAL;2007;51.910508538967015
32 Ourense;TOTAL EDADES;TOTAL;2008;51.84514086623287
32 Ourense;TOTAL EDADES;TOTAL;2009;51.896961643656034
32 Ourense;TOTAL EDADES;TOTAL;2010;51.8684800085914
32 Ourense;TOTAL EDADES;TOTAL;2011;51.81796631428598
32 Ourense;TOTAL EDADES;TOTAL;2012;51.80268699830738
32 Ourense;TOTAL EDADES;TOTAL;2013;51.81713005472509
32 Ourense;TOTAL EDADES;TOTAL;2014;51.87919067432429
32 Ourense;TOTAL EDADES;TOTAL;2015;51.93237246027683
32 Ourense;TOTAL EDADES;TOTAL;2016;51.969331719881986
32 Ourense;TOTAL EDADES;TOTAL;2017;51.97349845995893
32 Ourense;TOTAL EDADES;TOTAL;2018;52.0111997361725
32 Ourense;TOTAL EDADES;TOTAL;2019;52.04891256651205
32 Ourense;TOTAL EDADES;TOTAL;2020;52.03717593347466
32 Ourense;TOTAL EDADES;TOTAL;2021;52.00394465685745
32 Ourense;TOTAL EDADES;TOTAL;2022;51.99421585381886
34 Palencia;TOTAL EDADES;TOTAL;1998;50.51190549094492
34 Palencia;TOTAL EDADES;TOTAL;1999;50.565848494135345
34 Palencia;TOTAL EDADES;TOTAL;2000;50.64660490365419
34 Palencia;TOTAL EDADES;TOTAL;2001;50.64760777016549
34 Palencia;TOTAL EDADES;TOTAL;2002;50.60723917672109
34 Palencia;TOTAL EDADES;TOTAL;2003;50.619547892851635
34 Palencia;TOTAL EDADES;TOTAL;2004;50.67015345709523
34 Palencia;TOTAL EDADES;TOTAL;2005;50.67302315660831
34 Palencia;TOTAL EDADES;TOTAL;2006;50.7291239539598
34 Palencia;TOTAL EDADES;TOTAL;2007;50.65529400222759
34 Palencia;TOTAL EDADES;TOTAL;2008;50.50445651296598
34 Palencia;TOTAL EDADES;TOTAL;2009;50.40564088952488
34 Palencia;TOTAL EDADES;TOTAL;2010;50.412729696829174
34 Palencia;TOTAL EDADES;TOTAL;2011;50.417084139152315
34 Palencia;TOTAL EDADES;TOTAL;2012;50.42556805867158
34 Palencia;TOTAL EDADES;TOTAL;2013;50.46254919949098
34 Palencia;TOTAL EDADES;TOTAL;2014;50.481776038279556
34 Palencia;TOTAL EDADES;TOTAL;2015;50.47309302255548
34 Palencia;TOTAL EDADES;TOTAL;2016;50.43305556230412
34 Palencia;TOTAL EDADES;TOTAL;2017;50.46024848521942
34 Palencia;TOTAL EDADES;TOTAL;2018;50.42861110253958
34 Palencia;TOTAL EDADES;TOTAL;2019;50.42365511243633
34 Palencia;TOTAL EDADES;TOTAL;2020;50.438807143169015
34 Palencia;TOTAL EDADES;TOTAL;2021;50.45279437919095
34 Palencia;TOTAL EDADES;TOTAL;2022;50.465166320692624
35 Palmas, Las;TOTAL EDADES;TOTAL;1998;49.9613467111758
35 Palmas, Las;TOTAL EDADES;TOTAL;1999;49.81533662820611
35 Palmas, Las;TOTAL EDADES;TOTAL;2000;49.71340080994213
35 Palmas, Las;TOTAL EDADES;TOTAL;2001;49.539780089513044
35 Palmas, Las;TOTAL EDADES;TOTAL;2002;49.48461521476031
35 Palmas, Las;TOTAL EDADES;TOTAL;2003;49.44467469574502
35 Palmas, Las;TOTAL EDADES;TOTAL;2004;49.462987576079286
36 Pontevedra;TOTAL EDADES;TOTAL;1998;52.07084204091811
36 Pontevedra;TOTAL EDADES;TOTAL;1999;52.07355169382143
36 Pontevedra;TOTAL EDADES;TOTAL;2000;52.05227580781069
36 Pontevedra;TOTAL EDADES;TOTAL;2001;51.98651787429489
36 Pontevedra;TOTAL EDADES;TOTAL;2002;51.925138107733815
36 Pontevedra;TOTAL EDADES;TOTAL;2003;51.82614508034564
36 Pontevedra;TOTAL EDADES;TOTAL;2004;51.75668228902035
36 Pontevedra;TOTAL EDADES;TOTAL;2005;51.7107867220996
36 Pontevedra;TOTAL EDADES;TOTAL;2006;51.67248602241291
36 Pontevedra;TOTAL EDADES;TOTAL;2007;51.6314756990795
36 Pontevedra;TOTAL EDADES;TOTAL;2008;51.597545626179986
36 Pontevedra;TOTAL EDADES;TOTAL;2009;51.616751618106115
36 Pontevedra;TOTAL EDADES;TOTAL;2010;51.593397002718
36 Pontevedra;TOTAL EDADES;TOTAL;2011;51.56350057238579
36 Pontevedra;TOTAL EDADES;TOTAL;2012;51.52395380769343
36 Pontevedra;TOTAL EDADES;TOTAL;2013;51.56222187320035
36 Pontevedra;TOTAL EDADES;TOTAL;2014;51.60818113845659
36 Pontevedra;TOTAL EDADES;TOTAL;2015;51.64380698646996
36 Pontevedra;TOTAL EDADES;TOTAL;2016;51.65426655060751
36 Pontevedra;TOTAL EDADES;TOTAL;2017;51.67051894973221
36 Pontevedra;TOTAL EDADES;TOTAL;2018;51.69754462863623
36 Pontevedra;TOTAL EDADES;TOTAL;2019;51.70224841274472
36 Pontevedra;TOTAL EDADES;TOTAL;2020;51.71904616842675
36 Pontevedra;TOTAL EDADES;TOTAL;2021;51.71851420401896
36 Pontevedra;TOTAL EDADES;TOTAL;2022;51.74180686415381
37 Salamanca;TOTAL EDADES;TOTAL;1998;51.32255757402374
37 Salamanca;TOTAL EDADES;TOTAL;1999;51.277881570253584
37 Salamanca;TOTAL EDADES;TOTAL;2000;51.2894122087421
37 Salamanca;TOTAL EDADES;TOTAL;2001;51.273668009674225
37 Salamanca;TOTAL EDADES;TOTAL;2002;51.25374510255819
37 Salamanca;TOTAL EDADES;TOTAL;2003;51.23022014465746
37 Salamanca;TOTAL EDADES;TOTAL;2004;51.253618398559475
37 Salamanca;TOTAL EDADES;TOTAL;2005;51.209656824076234
37 Salamanca;TOTAL EDADES;TOTAL;2006;51.17866953640509
37 Salamanca;TOTAL EDADES;TOTAL;2007;51.16444555768715
37 Salamanca;TOTAL EDADES;TOTAL;2008;51.08204774139512
37 Salamanca;TOTAL EDADES;TOTAL;2009;51.06934981726301
37 Salamanca;TOTAL EDADES;TOTAL;2010;51.095953554531846
37 Salamanca;TOTAL EDADES;TOTAL;2011;51.1074093590114
37 Salamanca;TOTAL EDADES;TOTAL;2012;51.08197076710671
37 Salamanca;TOTAL EDADES;TOTAL;2013;51.10664799101718
37 Salamanca;TOTAL EDADES;TOTAL;2014;51.217226003696794
37 Salamanca;TOTAL EDADES;TOTAL;2015;51.27241120228641
37 Salamanca;TOTAL EDADES;TOTAL;2016;51.30348081015522
37 Salamanca;TOTAL EDADES;TOTAL;2017;51.35745182147643
37 Salamanca;TOTAL EDADES;TOTAL;2018;51.40931538918705
37 Salamanca;TOTAL EDADES;TOTAL;2019;51.422365874124175
37 Salamanca;TOTAL EDADES;TOTAL;2020;51.42553417667695
37 Salamanca;TOTAL EDADES;TOTAL;2021;51.46484673334596
37 Salamanca;TOTAL EDADES;TOTAL;2022;51.46518235767018
38 Santa Cruz de Tenerife;TOTAL EDADES;TOTAL;1998;50.92853700304556
38 Santa Cruz de Tenerife;TOTAL EDADES;TOTAL;1999;50.781105472363194
38 Santa Cruz de Tenerife;TOTAL EDADES;TOTAL;2000;50.709861350147364
38 Santa Cruz de Tenerife;TOTAL EDADES;TOTAL;2001;50.512250119046506
38 Santa Cruz de Tenerife;TOTAL EDADES;TOTAL;2002;50.38377180699841
38 Santa Cruz de Tenerife;TOTAL EDADES;TOTAL;2003;50.29663637297299
38 Santa Cruz de Tenerife;TOTAL EDADES;TOTAL;2004;50.25990616235033
38 Santa Cruz de Tenerife;TOTAL EDADES;TOTAL;2005;50.20212223114502
38 Santa Cruz de Tenerife;TOTAL EDADES;TOTAL;2006;50.21545890637237
38 Santa Cruz de Tenerife;TOTAL EDADES;TOTAL;2007;50.281148990669024
39 Cantabria;TOTAL EDADES;TOTAL;1998;51.29046149293258
39 Cantabria;TOTAL EDADES;TOTAL;1999;51.27611745427435
39 Cantabria;TOTAL EDADES;TOTAL;2000;51.2985753795003
39 Cantabria;TOTAL EDADES;TOTAL;2001;51.271563189398925
39 Cantabria;TOTAL EDADES;TOTAL;2002;51.22548522428657
39 Cantabria;TOTAL EDADES;TOTAL;2003;51.18903381906165
39 Cantabria;TOTAL EDADES;TOTAL;2004;51.168923400819054
39 Cantabria;TOTAL EDADES;TOTAL;2005;51.130606125813394
39 Cantabria;TOTAL EDADES;TOTAL;2006;51.0872377840874
39 Cantabria;TOTAL EDADES;TOTAL;2007;51.069962152423784
39 Cantabria;TOTAL EDADES;TOTAL;2008;50.961971216446955
39 Cantabria;TOTAL EDADES;TOTAL;2009;50.9983283409845
39 Cantabria;TOTAL EDADES;TOTAL;2010;51.04584212747996
39 Cantabria;TOTAL EDADES;TOTAL;2011;51.12767883787625
39 Cantabria;TOTAL EDADES;TOTAL;2012;51.167192322782604
39 Cantabria;TOTAL EDADES;TOTAL;2013;51.233510393858296
39 Cantabria;TOTAL EDADES;TOTAL;2014;51.281903182843635
39 Cantabria;TOTAL EDADES;TOTAL;2015;51.33318181274448
39 Cantabria;TOTAL EDADES;TOTAL;2016;51.39383654582742
39 Cantabria;TOTAL EDADES;TOTAL;2017;51.43711388173258
39 Cantabria;TOTAL EDADES;TOTAL;2018;51.473642303297495
39 Cantabria;TOTAL EDADES;TOTAL;2019;51.50375681061751
39 Cantabria;TOTAL EDADES;TOTAL;2020;51.52572031463103
39 Cantabria;TOTAL EDADES;TOTAL;2021;51.51845914591272
39 Cantabria;TOTAL EDADES;TOTAL;2022;51.53450107789177
40 Segovia;TOTAL EDADES;TOTAL;1998;49.977854246874045
40 Segovia;TOTAL EDADES;TOTAL;1999;49.99081538932544
40 Segovia;TOTAL EDADES;TOTAL;2000;50.00443344041797
40 Segovia;TOTAL EDADES;TOTAL;2001;49.97211415512692
40 Segovia;TOTAL EDADES;TOTAL;2002;49.884784909502564
40 Segovia;TOTAL EDADES;TOTAL;2003;49.79728070815722
40 Segovia;TOTAL EDADES;TOTAL;2004;49.7353249475891
40 Segovia;TOTAL EDADES;TOTAL;2005;49.64666242275764
40 Segovia;TOTAL EDADES;TOTAL;2006;49.56385139018378
40 Segovia;TOTAL EDADES;TOTAL;2007;49.47841478264144
40 Segovia;TOTAL EDADES;TOTAL;2008;49.20530326603579
40 Segovia;TOTAL EDADES;TOTAL;2009;49.266623800453736
40 Segovia;TOTAL EDADES;TOTAL;2010;49.45211483673022
40 Segovia;TOTAL EDADES;TOTAL;2011;49.46244418861051
40 Segovia;TOTAL EDADES;TOTAL;2012;49.484120439093225
40 Segovia;TOTAL EDADES;TOTAL;2013;49.538039108978246
40 Segovia;TOTAL EDADES;TOTAL;2014;49.5828703790889
40 Segovia;TOTAL EDADES;TOTAL;2015;49.63825601320049
40 Segovia;TOTAL EDADES;TOTAL;2016;49.71410582581657
40 Segovia;TOTAL EDADES;TOTAL;2017;49.772349919576605
40 Segovia;TOTAL EDADES;TOTAL;2018;49.799141787638085
40 Segovia;TOTAL EDADES;TOTAL;2019;49.83771852490385
40 Segovia;TOTAL EDADES;TOTAL;2020;49.80844160075059
40 Segovia;TOTAL EDADES;TOTAL;2021;49.844139448012854
40 Segovia;TOTAL EDADES;TOTAL;2022;49.822175120121194
42 Soria;TOTAL EDADES;TOTAL;1998;50.11627526120992
42 Soria;TOTAL EDADES;TOTAL;1999;50.04273878928681
42 Soria;TOTAL EDADES;TOTAL;2000;50.06324867177789
42 Soria;TOTAL EDADES;TOTAL;2001;50.00876097860131
42 Soria;TOTAL EDADES;TOTAL;2002;49.87265950353603
42 Soria;TOTAL EDADES;TOTAL;2003;49.80869450491458
42 Soria;TOTAL EDADES;TOTAL;2004;49.757779426526426
42 Soria;TOTAL EDADES;TOTAL;2005;49.669623705172846
42 Soria;TOTAL EDADES;TOTAL;2006;49.61658984203716
42 Soria;TOTAL EDADES;TOTAL;2007;49.59665786971247
42 Soria;TOTAL EDADES;TOTAL;2008;49.41043467235805
42 Soria;TOTAL EDADES;TOTAL;2009;49.22661170755302
42 Soria;TOTAL EDADES;TOTAL;2010;49.19061916059543
42 Soria;TOTAL EDADES;TOTAL;2011;49.22760257500814
42 Soria;TOTAL EDADES;TOTAL;2012;49.24038848098855
42 Soria;TOTAL EDADES;TOTAL;2013;49.259842857295986
42 Soria;TOTAL EDADES;TOTAL;2014;49.33583457130154
42 Soria;TOTAL EDADES;TOTAL;2015;49.369272355668855
42 Soria;TOTAL EDADES;TOTAL;2016;49.36139493558418
42 Soria;TOTAL EDADES;TOTAL;2017;49.39878294320776
42 Soria;TOTAL EDADES;TOTAL;2018;49.43566591422122
42 Soria;TOTAL EDADES;TOTAL;2019;49.440407960648045
42 Soria;TOTAL EDADES;TOTAL;2020;49.4543449889744
42 Soria;TOTAL EDADES;TOTAL;2021;49.384204536491374
42 Soria;TOTAL EDADES;TOTAL;2022;49.33523428041233
43 Tarragona;TOTAL EDADES;TOTAL;1998;50.307370162603725
43 Tarragona;TOTAL EDADES;TOTAL;1999;50.2644864307331
43 Tarragona;TOTAL EDADES;TOTAL;2000;50.254204864226374
43 Tarragona;TOTAL EDADES;TOTAL;2001;50.05783501011296
43 Tarragona;TOTAL EDADES;TOTAL;2002;49.862316131035755
43 Tarragona;TOTAL EDADES;TOTAL;2003;49.70702393491391
43 Tarragona;TOTAL EDADES;TOTAL;2004;49.6239675796269
43 Tarragona;TOTAL EDADES;TOTAL;2005;49.36963315728174
43 Tarragona;TOTAL EDADES;TOTAL;2006;49.25485922684971
43 Tarragona;TOTAL EDADES;TOTAL;2007;49.18401414630606
43 Tarragona;TOTAL EDADES;TOTAL;2008;49.039606031220885
43 Tarragona;TOTAL EDADES;TOTAL;2009;49.22152468377357
43 Tarragona;TOTAL EDADES;TOTAL;2010;49.402414586477335
43 Tarragona;TOTAL EDADES;TOTAL;2011;49.50314332863775
43 Tarragona;TOTAL EDADES;TOTAL;2012;49.58714024458394
43 Tarragona;TOTAL EDADES;TOTAL;2013;49.708459128734674
43 Tarragona;TOTAL EDADES;TOTAL;2014;49.85604810215715
43 Tarragona;TOTAL EDADES;TOTAL;2015;49.977424251761725
43 Tarragona;TOTAL EDADES;TOTAL;2016;50.052063677980165
43 Tarragona;TOTAL EDADES;TOTAL;2017;50.11892236005624
43 Tarragona;TOTAL EDADES;TOTAL;2018;50.16208025611193
43 Tarragona;TOTAL EDADES;TOTAL;2019;50.13347185906167
43 Tarragona;TOTAL EDADES;TOTAL;2020;50.029873697923044
43 Tarragona;TOTAL EDADES;TOTAL;2021;50.06062198030181
43 Tarragona;TOTAL EDADES;TOTAL;2022;50.09125681414331
44 Teruel;TOTAL EDADES;TOTAL;1998;49.579801227711194
44 Teruel;TOTAL EDADES;TOTAL;1999;49.556080059043175
44 Teruel;TOTAL EDADES;TOTAL;2000;49.51382324708916
44 Teruel;TOTAL EDADES;TOTAL;2001;49.4417652110722
44 Teruel;TOTAL EDADES;TOTAL;2002;49.26388140554236
44 Teruel;TOTAL EDADES;TOTAL;2003;49.06407279754265
44 Teruel;TOTAL EDADES;TOTAL;2004;48.9905478242771
44 Teruel;TOTAL EDADES;TOTAL;2005;48.77561290231127
44 Teruel;TOTAL EDADES;TOTAL;2006;48.60087225661226
44 Teruel;TOTAL EDADES;TOTAL;2007;48.44563542201797
44 Teruel;TOTAL EDADES;TOTAL;2008;48.21287006916158
44 Teruel;TOTAL EDADES;TOTAL;2009;48.39353735238601
44 Teruel;TOTAL EDADES;TOTAL;2010;48.67528927497127
44 Teruel;TOTAL EDADES;TOTAL;2011;48.82128804276418
44 Teruel;TOTAL EDADES;TOTAL;2012;48.877045530446395
44 Teruel;TOTAL EDADES;TOTAL;2013;48.988978991862595
44 Teruel;TOTAL EDADES;TOTAL;2014;49.09770954297723
44 Teruel;TOTAL EDADES;TOTAL;2015;49.18017447384332
44 Teruel;TOTAL EDADES;TOTAL;2016;49.2586346612935
44 Teruel;TOTAL EDADES;TOTAL;2017;49.3338841268202
44 Teruel;TOTAL EDADES;TOTAL;2018;49.42484320661059
44 Teruel;TOTAL EDADES;TOTAL;2019;49.35998270425013
44 Teruel;TOTAL EDADES;TOTAL;2020;49.33892797519675
44 Teruel;TOTAL EDADES;TOTAL;2021;49.24597718235535
44 Teruel;TOTAL EDADES;TOTAL;2022;49.258672380059664
45 Toledo;TOTAL EDADES;TOTAL;1998;50.19300932910495
45 Toledo;TOTAL EDADES;TOTAL;1999;50.16152172376442
45 Toledo;TOTAL EDADES;TOTAL;2000;50.14934702110936
45 Toledo;TOTAL EDADES;TOTAL;2001;49.99692239396715
45 Toledo;TOTAL EDADES;TOTAL;2002;49.88582678606062
45 Toledo;TOTAL EDADES;TOTAL;2003;49.83954864064756
45 Toledo;TOTAL EDADES;TOTAL;2004;49.763865342698
45 Toledo;TOTAL EDADES;TOTAL;2005;49.592983605680516
45 Toledo;TOTAL EDADES;TOTAL;2006;49.50894873119369
45 Toledo;TOTAL EDADES;TOTAL;2007;49.346253484485345
45 Toledo;TOTAL EDADES;TOTAL;2008;49.07856276381932
45 Toledo;TOTAL EDADES;TOTAL;2009;49.16470306756473
45 Toledo;TOTAL EDADES;TOTAL;2010;49.26621764315669
45 Toledo;TOTAL EDADES;TOTAL;2011;49.30504692877403
45 Toledo;TOTAL EDADES;TOTAL;2012;49.316956025353335
45 Toledo;TOTAL EDADES;TOTAL;2013;49.44146929461344
45 Toledo;TOTAL EDADES;TOTAL;2014;49.51640310325888
45 Toledo;TOTAL EDADES;TOTAL;2015;49.58644073663306
45 Toledo;TOTAL EDADES;TOTAL;2016;49.66079643139259
45 Toledo;TOTAL EDADES;TOTAL;2017;49.693160425775396
45 Toledo;TOTAL EDADES;TOTAL;2018;49.7328303687421
45 Toledo;TOTAL EDADES;TOTAL;2019;49.759946117401896
45 Toledo;TOTAL EDADES;TOTAL;2020;49.76384397219554
45 Toledo;TOTAL EDADES;TOTAL;2021;49.75803598236828
45 Toledo;TOTAL EDADES;TOTAL;2022;49.79304873621668
47 Valladolid;TOTAL EDADES;TOTAL;1998;50.94150954516908
47 Valladolid;TOTAL EDADES;TOTAL;1999;50.96058585425622
47 Valladolid;TOTAL EDADES;TOTAL;2000;51.00002017389901
47 Valladolid;TOTAL EDADES;TOTAL;2001;50.99395334172756
47 Valladolid;TOTAL EDADES;TOTAL;2002;50.94192039620319
47 Valladolid;TOTAL EDADES;TOTAL;2003;50.896105486448796
47 Valladolid;TOTAL EDADES;TOTAL;2004;50.91012658971192
47 Valladolid;TOTAL EDADES;TOTAL;2005;50.90309594034282
47 Valladolid;TOTAL EDADES;TOTAL;2006;50.910449514587405
47 Valladolid;TOTAL EDADES;TOTAL;2007;50.92924332085397
47 Valladolid;TOTAL EDADES;TOTAL;2008;50.83824966589102
47 Valladolid;TOTAL EDADES;TOTAL;2009;50.845420832746555
47 Valladolid;TOTAL EDADES;TOTAL;2010;50.87680833520726
47 Valladolid;TOTAL EDADES;TOTAL;2011;50.90264249150267
47 Valladolid;TOTAL EDADES;TOTAL;2012;50.9730852736393
47 Valladolid;TOTAL EDADES;TOTAL;2013;51.03760398584215
47 Valladolid;TOTAL EDADES;TOTAL;2014;51.079736259748984
47 Valladolid;TOTAL EDADES;TOTAL;2015;51.16761164989511
47 Valladolid;TOTAL EDADES;TOTAL;2016;51.193192776490946
47 Valladolid;TOTAL EDADES;TOTAL;2017;51.231746397252124
47 Valladolid;TOTAL EDADES;TOTAL;2018;51.263727491146504
47 Valladolid;TOTAL EDADES;TOTAL;2019;51.26206341690629
47 Valladolid;TOTAL EDADES;TOTAL;2020;51.3030851879097
47 Valladolid;TOTAL EDADES;TOTAL;2021;51.31652164871833
47 Valladolid;TOTAL EDADES;TOTAL;2022;51.33626140257734
49 Zamora;TOTAL EDADES;TOTAL;1998;50.67616629548589
49 Zamora;TOTAL EDADES;TOTAL;1999;50.708038113852915
49 Zamora;TOTAL EDADES;TOTAL;2000;50.725663368867004
49 Zamora;TOTAL EDADES;TOTAL;2001;50.66664689952361
49 Zamora;TOTAL EDADES;TOTAL;2002;50.63185800137534
49 Zamora;TOTAL EDADES;TOTAL;2003;50.58090621369337
49 Zamora;TOTAL EDADES;TOTAL;2004;50.5828010719107
49 Zamora;TOTAL EDADES;TOTAL;2005;50.54608801030069
49 Zamora;TOTAL EDADES;TOTAL;2006;50.49622263180281
49 Zamora;TOTAL EDADES;TOTAL;2007;50.41143396015961
49 Zamora;TOTAL EDADES;TOTAL;2008;50.257325538355445
49 Zamora;TOTAL EDADES;TOTAL;2009;50.351876932512205
49 Zamora;TOTAL EDADES;TOTAL;2010;50.350129238880825
49 Zamora;TOTAL EDADES;TOTAL;2011;50.36120031233355
49 Zamora;TOTAL EDADES;TOTAL;2012;50.36845291526627
49 Zamora;TOTAL EDADES;TOTAL;2013;50.42439050300101
49 Zamora;TOTAL EDADES;TOTAL;2014;50.455692652832305
49 Zamora;TOTAL EDADES;TOTAL;2015;50.45247388735036
49 Zamora;TOTAL EDADES;TOTAL;2016;50.488897265057695
49 Zamora;TOTAL EDADES;TOTAL;2017;50.5039345223332
49 Zamora;TOTAL EDADES;TOTAL;2018;50.54741075571903
49 Zamora;TOTAL EDADES;TOTAL;2019;50.53813920331055
49 Zamora;TOTAL EDADES;TOTAL;2020;50.542242127230516
49 Zamora;TOTAL EDADES;TOTAL;2021;50.480960142243305
49 Zamora;TOTAL EDADES;TOTAL;2022;50.49068564423048
50 Zaragoza;TOTAL EDADES;TOTAL;1998;51.212448213653296
50 Zaragoza;TOTAL EDADES;TOTAL;1999;51.19486697980394
50 Zaragoza;TOTAL EDADES;TOTAL;2000;51.17935486305522
50 Zaragoza;TOTAL EDADES;TOTAL;2001;51.0131593523523
50 Zaragoza;TOTAL EDADES;TOTAL;2002;50.884230993940605
50 Zaragoza;TOTAL EDADES;TOTAL;2003;50.84670464642242
50 Zaragoza;TOTAL EDADES;TOTAL;2004;50.76168719005961
50 Zaragoza;TOTAL EDADES;TOTAL;2005;50.661132015893486
50 Zaragoza;TOTAL EDADES;TOTAL;2006;50.65813572182346
50 Zaragoza;TOTAL EDADES;TOTAL;2007;50.58927487554986
50 Zaragoza;TOTAL EDADES;TOTAL;2008;50.41603729837971
50 Zaragoza;TOTAL EDADES;TOTAL;2009;50.38137178415625
50 Zaragoza;TOTAL EDADES;TOTAL;2010;50.46606634252999
50 Zaragoza;TOTAL EDADES;TOTAL;2011;50.576220686820946
50 Zaragoza;TOTAL EDADES;TOTAL;2012;50.62946643084253
50 Zaragoza;TOTAL EDADES;TOTAL;2013;50.678698354243345
50 Zaragoza;TOTAL EDADES;TOTAL;2014;50.872867824657774
50 Zaragoza;TOTAL EDADES;TOTAL;2015;50.89403204582398
50 Zaragoza;TOTAL EDADES;TOTAL;2016;50.9624863362395
50 Zaragoza;TOTAL EDADES;TOTAL;2017;51.08926612451573
50 Zaragoza;TOTAL EDADES;TOTAL;2018;51.10665880472679
50 Zaragoza;TOTAL EDADES;TOTAL;2019;51.12030459431135
50 Zaragoza;TOTAL EDADES;TOTAL;2020;51.09631804945462
50 Zaragoza;TOTAL EDADES;TOTAL;2021;51.07209453285538
50 Zaragoza;TOTAL EDADES;TOTAL;2022;51.06794227875974
51 Ceuta;TOTAL EDADES;TOTAL;1998;49.939681351137736
51 Ceuta;TOTAL EDADES;TOTAL;1999;49.6431672636492
51 Ceuta;TOTAL EDADES;TOTAL;2000;48.83507662045959
51 Ceuta;TOTAL EDADES;TOTAL;2001;48.63001030464766
51 Ceuta;TOTAL EDADES;TOTAL;2002;48.53057043807122
51 Ceuta;TOTAL EDADES;TOTAL;2003;48.759525430062325
51 Ceuta;TOTAL EDADES;TOTAL;2004;48.94714281887106
51 Ceuta;TOTAL EDADES;TOTAL;2005;49.100642967213986
51 Ceuta;TOTAL EDADES;TOTAL;2006;49.14251064446817
51 Ceuta;TOTAL EDADES;TOTAL;2007;49.20172839183844
51 Ceuta;TOTAL EDADES;TOTAL;2008;49.10775433201101
51 Ceuta;TOTAL EDADES;TOTAL;2009;49.007295930040414
51 Ceuta;TOTAL EDADES;TOTAL;2010;48.78442274041625
51 Ceuta;TOTAL EDADES;TOTAL;2011;48.81397494415849
51 Ceuta;TOTAL EDADES;TOTAL;2012;48.88238234664001
51 Ceuta;TOTAL EDADES;TOTAL;2013;48.847707293894025
51 Ceuta;TOTAL EDADES;TOTAL;2014;48.97308240057438
51 Ceuta;TOTAL EDADES;TOTAL;2015;49.25768130733537
51 Ceuta;TOTAL EDADES;TOTAL;2016;49.306073190643524
51 Ceuta;TOTAL EDADES;TOTAL;2017;49.34733224261114
51 Ceuta;TOTAL EDADES;TOTAL;2018;49.289439067931966
51 Ceuta;TOTAL EDADES;TOTAL;2019;49.38249761138045
51 Ceuta;TOTAL EDADES;TOTAL;2020;49.47625947127146
51 Ceuta;TOTAL EDADES;TOTAL;2021;49.46178622316415
51 Ceuta;TOTAL EDADES;TOTAL;2022;49.55664906096226
52 Melilla;TOTAL EDADES;TOTAL;1998;49.14320889066347
52 Melilla;TOTAL EDADES;TOTAL;1999;49.14367018566987
52 Melilla;TOTAL EDADES;TOTAL;2000;48.725533102938286
52 Melilla;TOTAL EDADES;TOTAL;2001;49.08052159502246
52 Melilla;TOTAL EDADES;TOTAL;2002;49.15298334875116
52 Melilla;TOTAL EDADES;TOTAL;2003;49.26164497611849
52 Melilla;TOTAL EDADES;TOTAL;2004;49.34280169371912
52 Melilla;TOTAL EDADES;TOTAL;2005;49.11739555338382
52 Melilla;TOTAL EDADES;TOTAL;2006;49.21266318733083
52 Melilla;TOTAL EDADES;TOTAL;2007;49.29723502304147
52 Melilla;TOTAL EDADES;TOTAL;2008;49.14343298622775
52 Melilla;TOTAL EDADES;TOTAL;2009;49.30029948271169
52 Melilla;TOTAL EDADES;TOTAL;2010;48.94520872241366
52 Melilla;TOTAL EDADES;TOTAL;2011;48.702788113563386
52 Melilla;TOTAL EDADES;TOTAL;2012;48.55449122546471
52 Melilla;TOTAL EDADES;TOTAL;2013;48.592836912487
52 Melilla;TOTAL EDADES;TOTAL;2014;49.02909749257475
52 Melilla;TOTAL EDADES;TOTAL;2015;49.06407739764442
52 Melilla;TOTAL EDADES;TOTAL;2016;49.12235835677586
52 Melilla;TOTAL EDADES;TOTAL;2017;49.339294008360426
52 Melilla;TOTAL EDADES;TOTAL;2018;49.33668271902204
52 Melilla;TOTAL EDADES;TOTAL;2019;49.247863840808456
52 Melilla;TOTAL EDADES;TOTAL;2020;49.28338462951905
52 Melilla;TOTAL EDADES;TOTAL;2021;49.45224377180882
52 Melilla;TOTAL EDADES;TOTAL;2022;49.52448045086298
