Comunidad Autonoma y Provincia;Grupo de edad y titulaci�n;Sexo;anios;Total
Total;Poblaci�n de 16 y m�s a�os analfabetos/sin estudios;Ambos sexos;2001;15,5
Total;Poblaci�n de 16 y m�s a�os analfabetos/sin estudios;Ambos sexos;2000;16,4
Total;Poblaci�n de 16 y m�s a�os analfabetos/sin estudios;Ambos sexos;1999;16,1
Total;Poblaci�n de 16 y m�s a�os analfabetos/sin estudios;Ambos sexos;1998;15,6
Total;Poblaci�n de 16 y m�s a�os analfabetos/sin estudios;Ambos sexos;1997;16,4
Total;Poblaci�n de 16 y m�s a�os analfabetos/sin estudios;Ambos sexos;1996;16,8
Andalucía;Poblaci�n de 16 y m�s a�os analfabetos/sin estudios;Ambos sexos;2001;23,3
Andalucía;Poblaci�n de 16 y m�s a�os analfabetos/sin estudios;Ambos sexos;2000;24,5
Andalucía;Poblaci�n de 16 y m�s a�os analfabetos/sin estudios;Ambos sexos;1999;24,7
Andalucía;Poblaci�n de 16 y m�s a�os analfabetos/sin estudios;Ambos sexos;1998;24,6
Andalucía;Poblaci�n de 16 y m�s a�os analfabetos/sin estudios;Ambos sexos;1997;25,8
Andalucía;Poblaci�n de 16 y m�s a�os analfabetos/sin estudios;Ambos sexos;1996;26,2
Almeria;Poblaci�n de 16 y m�s a�os analfabetos/sin estudios;Ambos sexos;2023;6,9
Almeria;Poblaci�n de 16 y m�s a�os analfabetos/sin estudios;Ambos sexos;2019;7,1
Almeria;Poblaci�n de 16 y m�s a�os analfabetos/sin estudios;Ambos sexos;2016;7,2
Almeria;Poblaci�n de 16 y m�s a�os analfabetos/sin estudios;Ambos sexos;2015;8,4
Almeria;Poblaci�n de 16 y m�s a�os analfabetos/sin estudios;Ambos sexos;2011;11,1
Almeria;Poblaci�n de 16 y m�s a�os analfabetos/sin estudios;Ambos sexos;2008;15,3
Almeria;Poblaci�n de 16 y m�s a�os analfabetos/sin estudios;Ambos sexos;2004;21,5
Almeria;Poblaci�n de 16 y m�s a�os analfabetos/sin estudios;Ambos sexos;2001;28,2
Almeria;Poblaci�n de 16 y m�s a�os analfabetos/sin estudios;Ambos sexos;2000;29,5
Almeria;Poblaci�n de 16 y m�s a�os analfabetos/sin estudios;Ambos sexos;1999;28,7
Almeria;Poblaci�n de 16 y m�s a�os analfabetos/sin estudios;Ambos sexos;1998;28,5
Almeria;Poblaci�n de 16 y m�s a�os analfabetos/sin estudios;Ambos sexos;1997;29,4
Almeria;Poblaci�n de 16 y m�s a�os analfabetos/sin estudios;Ambos sexos;1996;24,5
Cadiz;Poblaci�n de 16 y m�s a�os analfabetos/sin estudios;Ambos sexos;2023;4,9
Cadiz;Poblaci�n de 16 y m�s a�os analfabetos/sin estudios;Ambos sexos;2019;5,1
Cadiz;Poblaci�n de 16 y m�s a�os analfabetos/sin estudios;Ambos sexos;2016;6,2
Cadiz;Poblaci�n de 16 y m�s a�os analfabetos/sin estudios;Ambos sexos;2015;7,4
Cadiz;Poblaci�n de 16 y m�s a�os analfabetos/sin estudios;Ambos sexos;2011;11,5
Cadiz;Poblaci�n de 16 y m�s a�os analfabetos/sin estudios;Ambos sexos;2008;13,3
Cadiz;Poblaci�n de 16 y m�s a�os analfabetos/sin estudios;Ambos sexos;2004;17,5
Cadiz;Poblaci�n de 16 y m�s a�os analfabetos/sin estudios;Ambos sexos;2001;18,6
Cadiz;Poblaci�n de 16 y m�s a�os analfabetos/sin estudios;Ambos sexos;2000;19,4
Cadiz;Poblaci�n de 16 y m�s a�os analfabetos/sin estudios;Ambos sexos;1999;19,4
Cadiz;Poblaci�n de 16 y m�s a�os analfabetos/sin estudios;Ambos sexos;1998;20,5
Cadiz;Poblaci�n de 16 y m�s a�os analfabetos/sin estudios;Ambos sexos;1997;22,9
Cadiz;Poblaci�n de 16 y m�s a�os analfabetos/sin estudios;Ambos sexos;1996;25,1
Cordoba;Poblaci�n de 16 y m�s a�os analfabetos/sin estudios;Ambos sexos;2023;11,9
Cordoba;Poblaci�n de 16 y m�s a�os analfabetos/sin estudios;Ambos sexos;2019;13,1
Cordoba;Poblaci�n de 16 y m�s a�os analfabetos/sin estudios;Ambos sexos;2016;15,2
Cordoba;Poblaci�n de 16 y m�s a�os analfabetos/sin estudios;Ambos sexos;2015;15,4
Cordoba;Poblaci�n de 16 y m�s a�os analfabetos/sin estudios;Ambos sexos;2011;18,5
Cordoba;Poblaci�n de 16 y m�s a�os analfabetos/sin estudios;Ambos sexos;2008;21,3
Cordoba;Poblaci�n de 16 y m�s a�os analfabetos/sin estudios;Ambos sexos;2004;24,5
Cordoba;Poblaci�n de 16 y m�s a�os analfabetos/sin estudios;Ambos sexos;2001;27,2
Cordoba;Poblaci�n de 16 y m�s a�os analfabetos/sin estudios;Ambos sexos;2000;26,3
Cordoba;Poblaci�n de 16 y m�s a�os analfabetos/sin estudios;Ambos sexos;1999;27,5
Cordoba;Poblaci�n de 16 y m�s a�os analfabetos/sin estudios;Ambos sexos;1998;25,6
Cordoba;Poblaci�n de 16 y m�s a�os analfabetos/sin estudios;Ambos sexos;1997;26,9
Cordoba;Poblaci�n de 16 y m�s a�os analfabetos/sin estudios;Ambos sexos;1996;28,6
Granada;Poblaci�n de 16 y m�s a�os analfabetos/sin estudios;Ambos sexos;2023;12,9
Granada;Poblaci�n de 16 y m�s a�os analfabetos/sin estudios;Ambos sexos;2019;13,5
Granada;Poblaci�n de 16 y m�s a�os analfabetos/sin estudios;Ambos sexos;2016;15,2
Granada;Poblaci�n de 16 y m�s a�os analfabetos/sin estudios;Ambos sexos;2015;15,4
Granada;Poblaci�n de 16 y m�s a�os analfabetos/sin estudios;Ambos sexos;2011;18,9
Granada;Poblaci�n de 16 y m�s a�os analfabetos/sin estudios;Ambos sexos;2008;21,3
Granada;Poblaci�n de 16 y m�s a�os analfabetos/sin estudios;Ambos sexos;2004;24,5
Granada;Poblaci�n de 16 y m�s a�os analfabetos/sin estudios;Ambos sexos;2001;26,5
Granada;Poblaci�n de 16 y m�s a�os analfabetos/sin estudios;Ambos sexos;2000;28,3
Granada;Poblaci�n de 16 y m�s a�os analfabetos/sin estudios;Ambos sexos;1999;29,5
Granada;Poblaci�n de 16 y m�s a�os analfabetos/sin estudios;Ambos sexos;1998;29,4
Granada;Poblaci�n de 16 y m�s a�os analfabetos/sin estudios;Ambos sexos;1997;30,7
Granada;Poblaci�n de 16 y m�s a�os analfabetos/sin estudios;Ambos sexos;1996;27,6
Huelva;Poblaci�n de 16 y m�s a�os analfabetos/sin estudios;Ambos sexos;2023;12,2
Huelva;Poblaci�n de 16 y m�s a�os analfabetos/sin estudios;Ambos sexos;2019;13,1
Huelva;Poblaci�n de 16 y m�s a�os analfabetos/sin estudios;Ambos sexos;2016;15,1
Huelva;Poblaci�n de 16 y m�s a�os analfabetos/sin estudios;Ambos sexos;2015;16,4
Huelva;Poblaci�n de 16 y m�s a�os analfabetos/sin estudios;Ambos sexos;2011;19,1
Huelva;Poblaci�n de 16 y m�s a�os analfabetos/sin estudios;Ambos sexos;2008;21,3
Huelva;Poblaci�n de 16 y m�s a�os analfabetos/sin estudios;Ambos sexos;2004;24,5
Huelva;Poblaci�n de 16 y m�s a�os analfabetos/sin estudios;Ambos sexos;2001;23,2
Huelva;Poblaci�n de 16 y m�s a�os analfabetos/sin estudios;Ambos sexos;2000;23,9
Huelva;Poblaci�n de 16 y m�s a�os analfabetos/sin estudios;Ambos sexos;1999;27,9
Huelva;Poblaci�n de 16 y m�s a�os analfabetos/sin estudios;Ambos sexos;1998;26,0
Huelva;Poblaci�n de 16 y m�s a�os analfabetos/sin estudios;Ambos sexos;1997;27,1
Huelva;Poblaci�n de 16 y m�s a�os analfabetos/sin estudios;Ambos sexos;1996;28,1
Jaen;Poblaci�n de 16 y m�s a�os analfabetos/sin estudios;Ambos sexos;2023;10,1
Jaen;Poblaci�n de 16 y m�s a�os analfabetos/sin estudios;Ambos sexos;2019;13,3
Jaen;Poblaci�n de 16 y m�s a�os analfabetos/sin estudios;Ambos sexos;2016;15,6
Jaen;Poblaci�n de 16 y m�s a�os analfabetos/sin estudios;Ambos sexos;2015;16,2
Jaen;Poblaci�n de 16 y m�s a�os analfabetos/sin estudios;Ambos sexos;2011;19,9
Jaen;Poblaci�n de 16 y m�s a�os analfabetos/sin estudios;Ambos sexos;2008;21,3
Jaen;Poblaci�n de 16 y m�s a�os analfabetos/sin estudios;Ambos sexos;2004;24,5
Jaen;Poblaci�n de 16 y m�s a�os analfabetos/sin estudios;Ambos sexos;2001;26,8
Jaen;Poblaci�n de 16 y m�s a�os analfabetos/sin estudios;Ambos sexos;2000;29,0
Jaen;Poblaci�n de 16 y m�s a�os analfabetos/sin estudios;Ambos sexos;1999;31,3
Jaen;Poblaci�n de 16 y m�s a�os analfabetos/sin estudios;Ambos sexos;1998;31,2
Jaen;Poblaci�n de 16 y m�s a�os analfabetos/sin estudios;Ambos sexos;1997;32,2
Jaen;Poblaci�n de 16 y m�s a�os analfabetos/sin estudios;Ambos sexos;1996;34,0
Malaga;Poblaci�n de 16 y m�s a�os analfabetos/sin estudios;Ambos sexos;2023;8,1
Malaga;Poblaci�n de 16 y m�s a�os analfabetos/sin estudios;Ambos sexos;2019;11,3
Malaga;Poblaci�n de 16 y m�s a�os analfabetos/sin estudios;Ambos sexos;2016;14,6
Malaga;Poblaci�n de 16 y m�s a�os analfabetos/sin estudios;Ambos sexos;2015;15,2
Malaga;Poblaci�n de 16 y m�s a�os analfabetos/sin estudios;Ambos sexos;2011;18,9
Malaga;Poblaci�n de 16 y m�s a�os analfabetos/sin estudios;Ambos sexos;2008;22,3
Malaga;Poblaci�n de 16 y m�s a�os analfabetos/sin estudios;Ambos sexos;2004;24,5
Malaga;Poblaci�n de 16 y m�s a�os analfabetos/sin estudios;Ambos sexos;2001;27,5
Malaga;Poblaci�n de 16 y m�s a�os analfabetos/sin estudios;Ambos sexos;2000;28,6
Malaga;Poblaci�n de 16 y m�s a�os analfabetos/sin estudios;Ambos sexos;1999;25,7
Malaga;Poblaci�n de 16 y m�s a�os analfabetos/sin estudios;Ambos sexos;1998;25,0
Malaga;Poblaci�n de 16 y m�s a�os analfabetos/sin estudios;Ambos sexos;1997;26,4
Malaga;Poblaci�n de 16 y m�s a�os analfabetos/sin estudios;Ambos sexos;1996;28,5
Sevilla;Poblaci�n de 16 y m�s a�os analfabetos/sin estudios;Ambos sexos;2023;5,1
Sevilla;Poblaci�n de 16 y m�s a�os analfabetos/sin estudios;Ambos sexos;2019;7,3
Sevilla;Poblaci�n de 16 y m�s a�os analfabetos/sin estudios;Ambos sexos;2016;8,6
Sevilla;Poblaci�n de 16 y m�s a�os analfabetos/sin estudios;Ambos sexos;2015;9,2
Sevilla;Poblaci�n de 16 y m�s a�os analfabetos/sin estudios;Ambos sexos;2011;11,9
Sevilla;Poblaci�n de 16 y m�s a�os analfabetos/sin estudios;Ambos sexos;2008;14,3
Sevilla;Poblaci�n de 16 y m�s a�os analfabetos/sin estudios;Ambos sexos;2004;16,5
Sevilla;Poblaci�n de 16 y m�s a�os analfabetos/sin estudios;Ambos sexos;2001;17,0
Sevilla;Poblaci�n de 16 y m�s a�os analfabetos/sin estudios;Ambos sexos;2000;19,0
Sevilla;Poblaci�n de 16 y m�s a�os analfabetos/sin estudios;Ambos sexos;1999;19,5
Sevilla;Poblaci�n de 16 y m�s a�os analfabetos/sin estudios;Ambos sexos;1998;19,9
Sevilla;Poblaci�n de 16 y m�s a�os analfabetos/sin estudios;Ambos sexos;1997;20,3
Sevilla;Poblaci�n de 16 y m�s a�os analfabetos/sin estudios;Ambos sexos;1996;20,8
Aragon;Poblaci�n de 16 y m�s a�os analfabetos/sin estudios;Ambos sexos;2023;4,1
Aragon;Poblaci�n de 16 y m�s a�os analfabetos/sin estudios;Ambos sexos;2019;6,3
Aragon;Poblaci�n de 16 y m�s a�os analfabetos/sin estudios;Ambos sexos;2016;7,1
Aragon;Poblaci�n de 16 y m�s a�os analfabetos/sin estudios;Ambos sexos;2015;7,2
Aragon;Poblaci�n de 16 y m�s a�os analfabetos/sin estudios;Ambos sexos;2011;7,9
Aragon;Poblaci�n de 16 y m�s a�os analfabetos/sin estudios;Ambos sexos;2008;8,3
Aragon;Poblaci�n de 16 y m�s a�os analfabetos/sin estudios;Ambos sexos;2004;8,5
Aragon;Poblaci�n de 16 y m�s a�os analfabetos/sin estudios;Ambos sexos;2001;9,6
Aragon;Poblaci�n de 16 y m�s a�os analfabetos/sin estudios;Ambos sexos;2000;10,0
Aragon;Poblaci�n de 16 y m�s a�os analfabetos/sin estudios;Ambos sexos;1999;8,8
Aragon;Poblaci�n de 16 y m�s a�os analfabetos/sin estudios;Ambos sexos;1998;9,0
Aragon;Poblaci�n de 16 y m�s a�os analfabetos/sin estudios;Ambos sexos;1997;10,1
Aragon;Poblaci�n de 16 y m�s a�os analfabetos/sin estudios;Ambos sexos;1996;10,6
Huesca;Poblaci�n de 16 y m�s a�os analfabetos/sin estudios;Ambos sexos;2023;4,1
Huesca;Poblaci�n de 16 y m�s a�os analfabetos/sin estudios;Ambos sexos;2019;4,3
Huesca;Poblaci�n de 16 y m�s a�os analfabetos/sin estudios;Ambos sexos;2016;5,1
Huesca;Poblaci�n de 16 y m�s a�os analfabetos/sin estudios;Ambos sexos;2015;5,2
Huesca;Poblaci�n de 16 y m�s a�os analfabetos/sin estudios;Ambos sexos;2011;5,9
Huesca;Poblaci�n de 16 y m�s a�os analfabetos/sin estudios;Ambos sexos;2008;6,3
Huesca;Poblaci�n de 16 y m�s a�os analfabetos/sin estudios;Ambos sexos;2004;6,8
Huesca;Poblaci�n de 16 y m�s a�os analfabetos/sin estudios;Ambos sexos;2001;7,3
Huesca;Poblaci�n de 16 y m�s a�os analfabetos/sin estudios;Ambos sexos;2000;8,2
Huesca;Poblaci�n de 16 y m�s a�os analfabetos/sin estudios;Ambos sexos;1999;5,2
Huesca;Poblaci�n de 16 y m�s a�os analfabetos/sin estudios;Ambos sexos;1998;4,4
Huesca;Poblaci�n de 16 y m�s a�os analfabetos/sin estudios;Ambos sexos;1997;6,0
Huesca;Poblaci�n de 16 y m�s a�os analfabetos/sin estudios;Ambos sexos;1996;7,3
Teruel;Poblaci�n de 16 y m�s a�os analfabetos/sin estudios;Ambos sexos;2023;8,1
Teruel;Poblaci�n de 16 y m�s a�os analfabetos/sin estudios;Ambos sexos;2019;9,3
Teruel;Poblaci�n de 16 y m�s a�os analfabetos/sin estudios;Ambos sexos;2016;11,1
Teruel;Poblaci�n de 16 y m�s a�os analfabetos/sin estudios;Ambos sexos;2015;11,2
Teruel;Poblaci�n de 16 y m�s a�os analfabetos/sin estudios;Ambos sexos;2011;12,9
Teruel;Poblaci�n de 16 y m�s a�os analfabetos/sin estudios;Ambos sexos;2008;14,3
Teruel;Poblaci�n de 16 y m�s a�os analfabetos/sin estudios;Ambos sexos;2004;15,8
Teruel;Poblaci�n de 16 y m�s a�os analfabetos/sin estudios;Ambos sexos;2001;16,1
Teruel;Poblaci�n de 16 y m�s a�os analfabetos/sin estudios;Ambos sexos;2000;14,6
Teruel;Poblaci�n de 16 y m�s a�os analfabetos/sin estudios;Ambos sexos;1999;13,4
Teruel;Poblaci�n de 16 y m�s a�os analfabetos/sin estudios;Ambos sexos;1998;9,5
Teruel;Poblaci�n de 16 y m�s a�os analfabetos/sin estudios;Ambos sexos;1997;10,3
Teruel;Poblaci�n de 16 y m�s a�os analfabetos/sin estudios;Ambos sexos;1996;10,1
Zaragoza;Poblaci�n de 16 y m�s a�os analfabetos/sin estudios;Ambos sexos;2023;4,7
Zaragoza;Poblaci�n de 16 y m�s a�os analfabetos/sin estudios;Ambos sexos;2019;4,3
Zaragoza;Poblaci�n de 16 y m�s a�os analfabetos/sin estudios;Ambos sexos;2016;5,1
Zaragoza;Poblaci�n de 16 y m�s a�os analfabetos/sin estudios;Ambos sexos;2015;5,2
Zaragoza;Poblaci�n de 16 y m�s a�os analfabetos/sin estudios;Ambos sexos;2011;6,9
Zaragoza;Poblaci�n de 16 y m�s a�os analfabetos/sin estudios;Ambos sexos;2008;7,3
Zaragoza;Poblaci�n de 16 y m�s a�os analfabetos/sin estudios;Ambos sexos;2004;8,8
Zaragoza;Poblaci�n de 16 y m�s a�os analfabetos/sin estudios;Ambos sexos;2001;9,1
Zaragoza;Poblaci�n de 16 y m�s a�os analfabetos/sin estudios;Ambos sexos;2000;9,7
Zaragoza;Poblaci�n de 16 y m�s a�os analfabetos/sin estudios;Ambos sexos;1999;9,0
Zaragoza;Poblaci�n de 16 y m�s a�os analfabetos/sin estudios;Ambos sexos;1998;10,1
Zaragoza;Poblaci�n de 16 y m�s a�os analfabetos/sin estudios;Ambos sexos;1997;11,1
Zaragoza;Poblaci�n de 16 y m�s a�os analfabetos/sin estudios;Ambos sexos;1996;11,4
Asturias, Ppado de;Poblaci�n de 16 y m�s a�os analfabetos/sin estudios;Ambos sexos;2023;4,5
Asturias, Ppado de;Poblaci�n de 16 y m�s a�os analfabetos/sin estudios;Ambos sexos;2019;4,8
Asturias, Ppado de;Poblaci�n de 16 y m�s a�os analfabetos/sin estudios;Ambos sexos;2016;5,8
Asturias, Ppado de;Poblaci�n de 16 y m�s a�os analfabetos/sin estudios;Ambos sexos;2015;5,9
Asturias, Ppado de;Poblaci�n de 16 y m�s a�os analfabetos/sin estudios;Ambos sexos;2011;6,3
Asturias, Ppado de;Poblaci�n de 16 y m�s a�os analfabetos/sin estudios;Ambos sexos;2008;7,8
Asturias, Ppado de;Poblaci�n de 16 y m�s a�os analfabetos/sin estudios;Ambos sexos;2004;9,8
Asturias, Ppado de;Poblaci�n de 16 y m�s a�os analfabetos/sin estudios;Ambos sexos;2001;12,9
Asturias, Ppado de;Poblaci�n de 16 y m�s a�os analfabetos/sin estudios;Ambos sexos;2000;14,5
Asturias, Ppado de;Poblaci�n de 16 y m�s a�os analfabetos/sin estudios;Ambos sexos;1999;13,1
Asturias, Ppado de;Poblaci�n de 16 y m�s a�os analfabetos/sin estudios;Ambos sexos;1998;10,8
Asturias, Ppado de;Poblaci�n de 16 y m�s a�os analfabetos/sin estudios;Ambos sexos;1997;10,1
Asturias, Ppado de;Poblaci�n de 16 y m�s a�os analfabetos/sin estudios;Ambos sexos;1996;9,6
Balears,Illes;Poblaci�n de 16 y m�s a�os analfabetos/sin estudios;Ambos sexos;2023;6,5
Balears,Illes;Poblaci�n de 16 y m�s a�os analfabetos/sin estudios;Ambos sexos;2019;8,8
Balears,Illes;Poblaci�n de 16 y m�s a�os analfabetos/sin estudios;Ambos sexos;2016;10,8
Balears,Illes;Poblaci�n de 16 y m�s a�os analfabetos/sin estudios;Ambos sexos;2015;10,9
Balears,Illes;Poblaci�n de 16 y m�s a�os analfabetos/sin estudios;Ambos sexos;2011;11,3
Balears,Illes;Poblaci�n de 16 y m�s a�os analfabetos/sin estudios;Ambos sexos;2008;12,8
Balears,Illes;Poblaci�n de 16 y m�s a�os analfabetos/sin estudios;Ambos sexos;2004;13,8
Balears,Illes;Poblaci�n de 16 y m�s a�os analfabetos/sin estudios;Ambos sexos;2001;15,0
Balears,Illes;Poblaci�n de 16 y m�s a�os analfabetos/sin estudios;Ambos sexos;2000;15,1
Balears,Illes;Poblaci�n de 16 y m�s a�os analfabetos/sin estudios;Ambos sexos;1999;15,4
Balears,Illes;Poblaci�n de 16 y m�s a�os analfabetos/sin estudios;Ambos sexos;1998;15,0
Balears,Illes;Poblaci�n de 16 y m�s a�os analfabetos/sin estudios;Ambos sexos;1997;15,5
Balears,Illes;Poblaci�n de 16 y m�s a�os analfabetos/sin estudios;Ambos sexos;1996;15,4
Canarias;Poblaci�n de 16 y m�s a�os analfabetos/sin estudios;Ambos sexos;2001;21,8
Canarias;Poblaci�n de 16 y m�s a�os analfabetos/sin estudios;Ambos sexos;2000;20,5
Canarias;Poblaci�n de 16 y m�s a�os analfabetos/sin estudios;Ambos sexos;1999;19,5
Canarias;Poblaci�n de 16 y m�s a�os analfabetos/sin estudios;Ambos sexos;1998;18,3
Canarias;Poblaci�n de 16 y m�s a�os analfabetos/sin estudios;Ambos sexos;1997;19,4
Canarias;Poblaci�n de 16 y m�s a�os analfabetos/sin estudios;Ambos sexos;1996;19,6
Las Palmas;Poblaci�n de 16 y m�s a�os analfabetos/sin estudios;Ambos sexos;2023;10,5
Las Palmas;Poblaci�n de 16 y m�s a�os analfabetos/sin estudios;Ambos sexos;2019;11,3
Las Palmas;Poblaci�n de 16 y m�s a�os analfabetos/sin estudios;Ambos sexos;2016;12,1
Las Palmas;Poblaci�n de 16 y m�s a�os analfabetos/sin estudios;Ambos sexos;2015;12,2
Las Palmas;Poblaci�n de 16 y m�s a�os analfabetos/sin estudios;Ambos sexos;2011;14,9
Las Palmas;Poblaci�n de 16 y m�s a�os analfabetos/sin estudios;Ambos sexos;2008;16,3
Las Palmas;Poblaci�n de 16 y m�s a�os analfabetos/sin estudios;Ambos sexos;2004;20,8
Las Palmas;Poblaci�n de 16 y m�s a�os analfabetos/sin estudios;Ambos sexos;2001;21,1
Las Palmas;Poblaci�n de 16 y m�s a�os analfabetos/sin estudios;Ambos sexos;2000;20,6
Las Palmas;Poblaci�n de 16 y m�s a�os analfabetos/sin estudios;Ambos sexos;1999;19,1
Las Palmas;Poblaci�n de 16 y m�s a�os analfabetos/sin estudios;Ambos sexos;1998;17,0
Las Palmas;Poblaci�n de 16 y m�s a�os analfabetos/sin estudios;Ambos sexos;1997;18,0
Las Palmas;Poblaci�n de 16 y m�s a�os analfabetos/sin estudios;Ambos sexos;1996;18,6
Santa Cruz de Tenerife;Poblaci�n de 16 y m�s a�os analfabetos/sin estudios;Ambos sexos;2023;11,4
Santa Cruz de Tenerife;Poblaci�n de 16 y m�s a�os analfabetos/sin estudios;Ambos sexos;2019;12,3
Santa Cruz de Tenerife;Poblaci�n de 16 y m�s a�os analfabetos/sin estudios;Ambos sexos;2016;15,1
Santa Cruz de Tenerife;Poblaci�n de 16 y m�s a�os analfabetos/sin estudios;Ambos sexos;2015;15,2
Santa Cruz de Tenerife;Poblaci�n de 16 y m�s a�os analfabetos/sin estudios;Ambos sexos;2011;16,9
Santa Cruz de Tenerife;Poblaci�n de 16 y m�s a�os analfabetos/sin estudios;Ambos sexos;2008;18,3
Santa Cruz de Tenerife;Poblaci�n de 16 y m�s a�os analfabetos/sin estudios;Ambos sexos;2004;20,8
Santa Cruz de Tenerife;Poblaci�n de 16 y m�s a�os analfabetos/sin estudios;Ambos sexos;2001;22,5
Santa Cruz de Tenerife;Poblaci�n de 16 y m�s a�os analfabetos/sin estudios;Ambos sexos;2000;20,4
Santa Cruz de Tenerife;Poblaci�n de 16 y m�s a�os analfabetos/sin estudios;Ambos sexos;1999;20,0
Santa Cruz de Tenerife;Poblaci�n de 16 y m�s a�os analfabetos/sin estudios;Ambos sexos;1998;19,6
Santa Cruz de Tenerife;Poblaci�n de 16 y m�s a�os analfabetos/sin estudios;Ambos sexos;1997;20,8
Santa Cruz de Tenerife;Poblaci�n de 16 y m�s a�os analfabetos/sin estudios;Ambos sexos;1996;20,5
Cantabria;Poblaci�n de 16 y m�s a�os analfabetos/sin estudios;Ambos sexos;2023;3,7
Cantabria;Poblaci�n de 16 y m�s a�os analfabetos/sin estudios;Ambos sexos;2019;3,9
Cantabria;Poblaci�n de 16 y m�s a�os analfabetos/sin estudios;Ambos sexos;2016;4,2
Cantabria;Poblaci�n de 16 y m�s a�os analfabetos/sin estudios;Ambos sexos;2015;4,3
Cantabria;Poblaci�n de 16 y m�s a�os analfabetos/sin estudios;Ambos sexos;2011;4,8
Cantabria;Poblaci�n de 16 y m�s a�os analfabetos/sin estudios;Ambos sexos;2008;5,5
Cantabria;Poblaci�n de 16 y m�s a�os analfabetos/sin estudios;Ambos sexos;2004;6,1
Cantabria;Poblaci�n de 16 y m�s a�os analfabetos/sin estudios;Ambos sexos;2001;6,6
Cantabria;Poblaci�n de 16 y m�s a�os analfabetos/sin estudios;Ambos sexos;2000;7,2
Cantabria;Poblaci�n de 16 y m�s a�os analfabetos/sin estudios;Ambos sexos;1999;8,5
Cantabria;Poblaci�n de 16 y m�s a�os analfabetos/sin estudios;Ambos sexos;1998;8,4
Cantabria;Poblaci�n de 16 y m�s a�os analfabetos/sin estudios;Ambos sexos;1997;7,4
Cantabria;Poblaci�n de 16 y m�s a�os analfabetos/sin estudios;Ambos sexos;1996;7,3
Castilla y Leon;Poblaci�n de 16 y m�s a�os analfabetos/sin estudios;Ambos sexos;2001;7,6
Castilla y Leon;Poblaci�n de 16 y m�s a�os analfabetos/sin estudios;Ambos sexos;2000;8,5
Castilla y Leon;Poblaci�n de 16 y m�s a�os analfabetos/sin estudios;Ambos sexos;1999;8,7
Castilla y Leon;Poblaci�n de 16 y m�s a�os analfabetos/sin estudios;Ambos sexos;1998;7,9
Castilla y Leon;Poblaci�n de 16 y m�s a�os analfabetos/sin estudios;Ambos sexos;1997;8,2
Castilla y Leon;Poblaci�n de 16 y m�s a�os analfabetos/sin estudios;Ambos sexos;1996;8,7
Avila;Poblaci�n de 16 y m�s a�os analfabetos/sin estudios;Ambos sexos;2023;4,8
Avila;Poblaci�n de 16 y m�s a�os analfabetos/sin estudios;Ambos sexos;2019;5,9
Avila;Poblaci�n de 16 y m�s a�os analfabetos/sin estudios;Ambos sexos;2016;6,4
Avila;Poblaci�n de 16 y m�s a�os analfabetos/sin estudios;Ambos sexos;2015;6,6
Avila;Poblaci�n de 16 y m�s a�os analfabetos/sin estudios;Ambos sexos;2011;7,1
Avila;Poblaci�n de 16 y m�s a�os analfabetos/sin estudios;Ambos sexos;2008;7,6
Avila;Poblaci�n de 16 y m�s a�os analfabetos/sin estudios;Ambos sexos;2004;8,2
Avila;Poblaci�n de 16 y m�s a�os analfabetos/sin estudios;Ambos sexos;2001;8,7
Avila;Poblaci�n de 16 y m�s a�os analfabetos/sin estudios;Ambos sexos;2000;9,0
Avila;Poblaci�n de 16 y m�s a�os analfabetos/sin estudios;Ambos sexos;1999;11,0
Avila;Poblaci�n de 16 y m�s a�os analfabetos/sin estudios;Ambos sexos;1998;9,9
Avila;Poblaci�n de 16 y m�s a�os analfabetos/sin estudios;Ambos sexos;1997;15,0
Avila;Poblaci�n de 16 y m�s a�os analfabetos/sin estudios;Ambos sexos;1996;14,1
Burgos;Poblaci�n de 16 y m�s a�os analfabetos/sin estudios;Ambos sexos;2023;1,0
Burgos;Poblaci�n de 16 y m�s a�os analfabetos/sin estudios;Ambos sexos;2019;1,2
Burgos;Poblaci�n de 16 y m�s a�os analfabetos/sin estudios;Ambos sexos;2016;1,1
Burgos;Poblaci�n de 16 y m�s a�os analfabetos/sin estudios;Ambos sexos;2015;1,1
Burgos;Poblaci�n de 16 y m�s a�os analfabetos/sin estudios;Ambos sexos;2011;1,3
Burgos;Poblaci�n de 16 y m�s a�os analfabetos/sin estudios;Ambos sexos;2008;1,6
Burgos;Poblaci�n de 16 y m�s a�os analfabetos/sin estudios;Ambos sexos;2004;1,4
Burgos;Poblaci�n de 16 y m�s a�os analfabetos/sin estudios;Ambos sexos;2001;1,6
Burgos;Poblaci�n de 16 y m�s a�os analfabetos/sin estudios;Ambos sexos;2000;2,1
Burgos;Poblaci�n de 16 y m�s a�os analfabetos/sin estudios;Ambos sexos;1999;2,1
Burgos;Poblaci�n de 16 y m�s a�os analfabetos/sin estudios;Ambos sexos;1998;2,9
Burgos;Poblaci�n de 16 y m�s a�os analfabetos/sin estudios;Ambos sexos;1997;2,7
Burgos;Poblaci�n de 16 y m�s a�os analfabetos/sin estudios;Ambos sexos;1996;2,1
Leon;Poblaci�n de 16 y m�s a�os analfabetos/sin estudios;Ambos sexos;2023;6,1
Leon;Poblaci�n de 16 y m�s a�os analfabetos/sin estudios;Ambos sexos;2019;6,2
Leon;Poblaci�n de 16 y m�s a�os analfabetos/sin estudios;Ambos sexos;2016;7,0
Leon;Poblaci�n de 16 y m�s a�os analfabetos/sin estudios;Ambos sexos;2015;7,1
Leon;Poblaci�n de 16 y m�s a�os analfabetos/sin estudios;Ambos sexos;2011;7,7
Leon;Poblaci�n de 16 y m�s a�os analfabetos/sin estudios;Ambos sexos;2008;8,5
Leon;Poblaci�n de 16 y m�s a�os analfabetos/sin estudios;Ambos sexos;2004;9,4
Leon;Poblaci�n de 16 y m�s a�os analfabetos/sin estudios;Ambos sexos;2001;9,7
Leon;Poblaci�n de 16 y m�s a�os analfabetos/sin estudios;Ambos sexos;2000;10,1
Leon;Poblaci�n de 16 y m�s a�os analfabetos/sin estudios;Ambos sexos;1999;10,6
Leon;Poblaci�n de 16 y m�s a�os analfabetos/sin estudios;Ambos sexos;1998;9,9
Leon;Poblaci�n de 16 y m�s a�os analfabetos/sin estudios;Ambos sexos;1997;11,4
Leon;Poblaci�n de 16 y m�s a�os analfabetos/sin estudios;Ambos sexos;1996;13,5
Palencia;Poblaci�n de 16 y m�s a�os analfabetos/sin estudios;Ambos sexos;2023;3,9
Palencia;Poblaci�n de 16 y m�s a�os analfabetos/sin estudios;Ambos sexos;2019;4,2
Palencia;Poblaci�n de 16 y m�s a�os analfabetos/sin estudios;Ambos sexos;2016;4,7
Palencia;Poblaci�n de 16 y m�s a�os analfabetos/sin estudios;Ambos sexos;2015;4,8
Palencia;Poblaci�n de 16 y m�s a�os analfabetos/sin estudios;Ambos sexos;2011;4,9
Palencia;Poblaci�n de 16 y m�s a�os analfabetos/sin estudios;Ambos sexos;2008;5,5
Palencia;Poblaci�n de 16 y m�s a�os analfabetos/sin estudios;Ambos sexos;2004;5,4
Palencia;Poblaci�n de 16 y m�s a�os analfabetos/sin estudios;Ambos sexos;2001;5,8
Palencia;Poblaci�n de 16 y m�s a�os analfabetos/sin estudios;Ambos sexos;2000;5,9
Palencia;Poblaci�n de 16 y m�s a�os analfabetos/sin estudios;Ambos sexos;1999;6,2
Palencia;Poblaci�n de 16 y m�s a�os analfabetos/sin estudios;Ambos sexos;1998;5,3
Palencia;Poblaci�n de 16 y m�s a�os analfabetos/sin estudios;Ambos sexos;1997;4,9
Palencia;Poblaci�n de 16 y m�s a�os analfabetos/sin estudios;Ambos sexos;1996;6,1
Salamanca;Poblaci�n de 16 y m�s a�os analfabetos/sin estudios;Ambos sexos;2023;5,1
Salamanca;Poblaci�n de 16 y m�s a�os analfabetos/sin estudios;Ambos sexos;2019;5,2
Salamanca;Poblaci�n de 16 y m�s a�os analfabetos/sin estudios;Ambos sexos;2016;5,5
Salamanca;Poblaci�n de 16 y m�s a�os analfabetos/sin estudios;Ambos sexos;2015;5,7
Salamanca;Poblaci�n de 16 y m�s a�os analfabetos/sin estudios;Ambos sexos;2011;6,1
Salamanca;Poblaci�n de 16 y m�s a�os analfabetos/sin estudios;Ambos sexos;2008;6,8
Salamanca;Poblaci�n de 16 y m�s a�os analfabetos/sin estudios;Ambos sexos;2004;7,1
Salamanca;Poblaci�n de 16 y m�s a�os analfabetos/sin estudios;Ambos sexos;2001;7,6
Salamanca;Poblaci�n de 16 y m�s a�os analfabetos/sin estudios;Ambos sexos;2000;12,4
Salamanca;Poblaci�n de 16 y m�s a�os analfabetos/sin estudios;Ambos sexos;1999;13,6
Salamanca;Poblaci�n de 16 y m�s a�os analfabetos/sin estudios;Ambos sexos;1998;10,1
Salamanca;Poblaci�n de 16 y m�s a�os analfabetos/sin estudios;Ambos sexos;1997;8,5
Salamanca;Poblaci�n de 16 y m�s a�os analfabetos/sin estudios;Ambos sexos;1996;9,2
Segovia;Poblaci�n de 16 y m�s a�os analfabetos/sin estudios;Ambos sexos;2023;5,6
Segovia;Poblaci�n de 16 y m�s a�os analfabetos/sin estudios;Ambos sexos;2019;5,1
Segovia;Poblaci�n de 16 y m�s a�os analfabetos/sin estudios;Ambos sexos;2016;5,3
Segovia;Poblaci�n de 16 y m�s a�os analfabetos/sin estudios;Ambos sexos;2015;5,3
Segovia;Poblaci�n de 16 y m�s a�os analfabetos/sin estudios;Ambos sexos;2011;6,4
Segovia;Poblaci�n de 16 y m�s a�os analfabetos/sin estudios;Ambos sexos;2008;6,9
Segovia;Poblaci�n de 16 y m�s a�os analfabetos/sin estudios;Ambos sexos;2004;7,1
Segovia;Poblaci�n de 16 y m�s a�os analfabetos/sin estudios;Ambos sexos;2001;7,8
Segovia;Poblaci�n de 16 y m�s a�os analfabetos/sin estudios;Ambos sexos;2000;4,9
Segovia;Poblaci�n de 16 y m�s a�os analfabetos/sin estudios;Ambos sexos;1999;3,5
Segovia;Poblaci�n de 16 y m�s a�os analfabetos/sin estudios;Ambos sexos;1998;3,0
Segovia;Poblaci�n de 16 y m�s a�os analfabetos/sin estudios;Ambos sexos;1997;2,7
Segovia;Poblaci�n de 16 y m�s a�os analfabetos/sin estudios;Ambos sexos;1996;3,3
Soria;Poblaci�n de 16 y m�s a�os analfabetos/sin estudios;Ambos sexos;2023;7,1
Soria;Poblaci�n de 16 y m�s a�os analfabetos/sin estudios;Ambos sexos;2019;7,5
Soria;Poblaci�n de 16 y m�s a�os analfabetos/sin estudios;Ambos sexos;2016;7,8
Soria;Poblaci�n de 16 y m�s a�os analfabetos/sin estudios;Ambos sexos;2015;7,9
Soria;Poblaci�n de 16 y m�s a�os analfabetos/sin estudios;Ambos sexos;2011;8,2
Soria;Poblaci�n de 16 y m�s a�os analfabetos/sin estudios;Ambos sexos;2008;8,6
Soria;Poblaci�n de 16 y m�s a�os analfabetos/sin estudios;Ambos sexos;2004;9,1
Soria;Poblaci�n de 16 y m�s a�os analfabetos/sin estudios;Ambos sexos;2001;9,2
Soria;Poblaci�n de 16 y m�s a�os analfabetos/sin estudios;Ambos sexos;2000;8,9
Soria;Poblaci�n de 16 y m�s a�os analfabetos/sin estudios;Ambos sexos;1999;3,7
Soria;Poblaci�n de 16 y m�s a�os analfabetos/sin estudios;Ambos sexos;1998;5,4
Soria;Poblaci�n de 16 y m�s a�os analfabetos/sin estudios;Ambos sexos;1997;5,0
Soria;Poblaci�n de 16 y m�s a�os analfabetos/sin estudios;Ambos sexos;1996;2,9
Valladolid;Poblaci�n de 16 y m�s a�os analfabetos/sin estudios;Ambos sexos;2023;5,8
Valladolid;Poblaci�n de 16 y m�s a�os analfabetos/sin estudios;Ambos sexos;2019;6,1
Valladolid;Poblaci�n de 16 y m�s a�os analfabetos/sin estudios;Ambos sexos;2016;6,3
Valladolid;Poblaci�n de 16 y m�s a�os analfabetos/sin estudios;Ambos sexos;2015;6,3
Valladolid;Poblaci�n de 16 y m�s a�os analfabetos/sin estudios;Ambos sexos;2011;6,6
Valladolid;Poblaci�n de 16 y m�s a�os analfabetos/sin estudios;Ambos sexos;2008;6,7
Valladolid;Poblaci�n de 16 y m�s a�os analfabetos/sin estudios;Ambos sexos;2004;6,9
Valladolid;Poblaci�n de 16 y m�s a�os analfabetos/sin estudios;Ambos sexos;2001;7,1
Valladolid;Poblaci�n de 16 y m�s a�os analfabetos/sin estudios;Ambos sexos;2000;7,5
Valladolid;Poblaci�n de 16 y m�s a�os analfabetos/sin estudios;Ambos sexos;1999;7,6
Valladolid;Poblaci�n de 16 y m�s a�os analfabetos/sin estudios;Ambos sexos;1998;8,4
Valladolid;Poblaci�n de 16 y m�s a�os analfabetos/sin estudios;Ambos sexos;1997;8,5
Valladolid;Poblaci�n de 16 y m�s a�os analfabetos/sin estudios;Ambos sexos;1996;9,9
Zamora;Poblaci�n de 16 y m�s a�os analfabetos/sin estudios;Ambos sexos;2023;8,1
Zamora;Poblaci�n de 16 y m�s a�os analfabetos/sin estudios;Ambos sexos;2019;8,8
Zamora;Poblaci�n de 16 y m�s a�os analfabetos/sin estudios;Ambos sexos;2016;9,1
Zamora;Poblaci�n de 16 y m�s a�os analfabetos/sin estudios;Ambos sexos;2015;9,3
Zamora;Poblaci�n de 16 y m�s a�os analfabetos/sin estudios;Ambos sexos;2011;10,6
Zamora;Poblaci�n de 16 y m�s a�os analfabetos/sin estudios;Ambos sexos;2008;12,1
Zamora;Poblaci�n de 16 y m�s a�os analfabetos/sin estudios;Ambos sexos;2004;12,9
Zamora;Poblaci�n de 16 y m�s a�os analfabetos/sin estudios;Ambos sexos;2001;13,6
Zamora;Poblaci�n de 16 y m�s a�os analfabetos/sin estudios;Ambos sexos;2000;14,8
Zamora;Poblaci�n de 16 y m�s a�os analfabetos/sin estudios;Ambos sexos;1999;15,3
Zamora;Poblaci�n de 16 y m�s a�os analfabetos/sin estudios;Ambos sexos;1998;11,0
Zamora;Poblaci�n de 16 y m�s a�os analfabetos/sin estudios;Ambos sexos;1997;10,5
Zamora;Poblaci�n de 16 y m�s a�os analfabetos/sin estudios;Ambos sexos;1996;8,4
Castilla-La mancha;Poblaci�n de 16 y m�s a�os analfabetos/sin estudios;Ambos sexos;2001;25,0
Castilla-La mancha;Poblaci�n de 16 y m�s a�os analfabetos/sin estudios;Ambos sexos;2000;26,2
Castilla-La mancha;Poblaci�n de 16 y m�s a�os analfabetos/sin estudios;Ambos sexos;1999;25,3
Castilla-La mancha;Poblaci�n de 16 y m�s a�os analfabetos/sin estudios;Ambos sexos;1998;24,2
Castilla-La mancha;Poblaci�n de 16 y m�s a�os analfabetos/sin estudios;Ambos sexos;1997;25,5
Castilla-La mancha;Poblaci�n de 16 y m�s a�os analfabetos/sin estudios;Ambos sexos;1996;26,9
Albacete;Poblaci�n de 16 y m�s a�os analfabetos/sin estudios;Ambos sexos;2023;12,3
Albacete;Poblaci�n de 16 y m�s a�os analfabetos/sin estudios;Ambos sexos;2019;14,8
Albacete;Poblaci�n de 16 y m�s a�os analfabetos/sin estudios;Ambos sexos;2016;16,1
Albacete;Poblaci�n de 16 y m�s a�os analfabetos/sin estudios;Ambos sexos;2015;16,8
Albacete;Poblaci�n de 16 y m�s a�os analfabetos/sin estudios;Ambos sexos;2011;22,6
Albacete;Poblaci�n de 16 y m�s a�os analfabetos/sin estudios;Ambos sexos;2008;23,1
Albacete;Poblaci�n de 16 y m�s a�os analfabetos/sin estudios;Ambos sexos;2004;25,9
Albacete;Poblaci�n de 16 y m�s a�os analfabetos/sin estudios;Ambos sexos;2001;28,2
Albacete;Poblaci�n de 16 y m�s a�os analfabetos/sin estudios;Ambos sexos;2000;28,6
Albacete;Poblaci�n de 16 y m�s a�os analfabetos/sin estudios;Ambos sexos;1999;27,8
Albacete;Poblaci�n de 16 y m�s a�os analfabetos/sin estudios;Ambos sexos;1998;29,9
Albacete;Poblaci�n de 16 y m�s a�os analfabetos/sin estudios;Ambos sexos;1997;33,3
Albacete;Poblaci�n de 16 y m�s a�os analfabetos/sin estudios;Ambos sexos;1996;33,6
Ciudad Real;Poblaci�n de 16 y m�s a�os analfabetos/sin estudios;Ambos sexos;2023;12,1
Ciudad Real;Poblaci�n de 16 y m�s a�os analfabetos/sin estudios;Ambos sexos;2019;14,3
Ciudad Real;Poblaci�n de 16 y m�s a�os analfabetos/sin estudios;Ambos sexos;2016;16,0
Ciudad Real;Poblaci�n de 16 y m�s a�os analfabetos/sin estudios;Ambos sexos;2015;16,4
Ciudad Real;Poblaci�n de 16 y m�s a�os analfabetos/sin estudios;Ambos sexos;2011;22,1
Ciudad Real;Poblaci�n de 16 y m�s a�os analfabetos/sin estudios;Ambos sexos;2008;23,5
Ciudad Real;Poblaci�n de 16 y m�s a�os analfabetos/sin estudios;Ambos sexos;2004;25,4
Ciudad Real;Poblaci�n de 16 y m�s a�os analfabetos/sin estudios;Ambos sexos;2001;26,9
Ciudad Real;Poblaci�n de 16 y m�s a�os analfabetos/sin estudios;Ambos sexos;2000;27,6
Ciudad Real;Poblaci�n de 16 y m�s a�os analfabetos/sin estudios;Ambos sexos;1999;25,8
Ciudad Real;Poblaci�n de 16 y m�s a�os analfabetos/sin estudios;Ambos sexos;1998;22,8
Ciudad Real;Poblaci�n de 16 y m�s a�os analfabetos/sin estudios;Ambos sexos;1997;23,5
Ciudad Real;Poblaci�n de 16 y m�s a�os analfabetos/sin estudios;Ambos sexos;1996;23,7
Cuenca;Poblaci�n de 16 y m�s a�os analfabetos/sin estudios;Ambos sexos;2023;12,3
Cuenca;Poblaci�n de 16 y m�s a�os analfabetos/sin estudios;Ambos sexos;2019;14,3
Cuenca;Poblaci�n de 16 y m�s a�os analfabetos/sin estudios;Ambos sexos;2016;16,1
Cuenca;Poblaci�n de 16 y m�s a�os analfabetos/sin estudios;Ambos sexos;2015;16,5
Cuenca;Poblaci�n de 16 y m�s a�os analfabetos/sin estudios;Ambos sexos;2011;22,1
Cuenca;Poblaci�n de 16 y m�s a�os analfabetos/sin estudios;Ambos sexos;2008;23,7
Cuenca;Poblaci�n de 16 y m�s a�os analfabetos/sin estudios;Ambos sexos;2004;25,2
Cuenca;Poblaci�n de 16 y m�s a�os analfabetos/sin estudios;Ambos sexos;2001;26,1
Cuenca;Poblaci�n de 16 y m�s a�os analfabetos/sin estudios;Ambos sexos;2000;25,0
Cuenca;Poblaci�n de 16 y m�s a�os analfabetos/sin estudios;Ambos sexos;1999;23,3
Cuenca;Poblaci�n de 16 y m�s a�os analfabetos/sin estudios;Ambos sexos;1998;21,4
Cuenca;Poblaci�n de 16 y m�s a�os analfabetos/sin estudios;Ambos sexos;1997;21,3
Cuenca;Poblaci�n de 16 y m�s a�os analfabetos/sin estudios;Ambos sexos;1996;27,0
Guadalajara;Poblaci�n de 16 y m�s a�os analfabetos/sin estudios;Ambos sexos;2023;8,8
Guadalajara;Poblaci�n de 16 y m�s a�os analfabetos/sin estudios;Ambos sexos;2019;9,1
Guadalajara;Poblaci�n de 16 y m�s a�os analfabetos/sin estudios;Ambos sexos;2016;9,4
Guadalajara;Poblaci�n de 16 y m�s a�os analfabetos/sin estudios;Ambos sexos;2015;9,5
Guadalajara;Poblaci�n de 16 y m�s a�os analfabetos/sin estudios;Ambos sexos;2011;10,2
Guadalajara;Poblaci�n de 16 y m�s a�os analfabetos/sin estudios;Ambos sexos;2008;10,9
Guadalajara;Poblaci�n de 16 y m�s a�os analfabetos/sin estudios;Ambos sexos;2004;11,2
Guadalajara;Poblaci�n de 16 y m�s a�os analfabetos/sin estudios;Ambos sexos;2001;12,7
Guadalajara;Poblaci�n de 16 y m�s a�os analfabetos/sin estudios;Ambos sexos;2000;15,5
Guadalajara;Poblaci�n de 16 y m�s a�os analfabetos/sin estudios;Ambos sexos;1999;14,9
Guadalajara;Poblaci�n de 16 y m�s a�os analfabetos/sin estudios;Ambos sexos;1998;14,9
Guadalajara;Poblaci�n de 16 y m�s a�os analfabetos/sin estudios;Ambos sexos;1997;14,9
Guadalajara;Poblaci�n de 16 y m�s a�os analfabetos/sin estudios;Ambos sexos;1996;16,5
Toledo;Poblaci�n de 16 y m�s a�os analfabetos/sin estudios;Ambos sexos;2023;12,9
Toledo;Poblaci�n de 16 y m�s a�os analfabetos/sin estudios;Ambos sexos;2019;14,1
Toledo;Poblaci�n de 16 y m�s a�os analfabetos/sin estudios;Ambos sexos;2016;16,2
Toledo;Poblaci�n de 16 y m�s a�os analfabetos/sin estudios;Ambos sexos;2015;16,3
Toledo;Poblaci�n de 16 y m�s a�os analfabetos/sin estudios;Ambos sexos;2011;22,9
Toledo;Poblaci�n de 16 y m�s a�os analfabetos/sin estudios;Ambos sexos;2008;23,2
Toledo;Poblaci�n de 16 y m�s a�os analfabetos/sin estudios;Ambos sexos;2004;25,1
Toledo;Poblaci�n de 16 y m�s a�os analfabetos/sin estudios;Ambos sexos;2001;24,7
Toledo;Poblaci�n de 16 y m�s a�os analfabetos/sin estudios;Ambos sexos;2000;27,3
Toledo;Poblaci�n de 16 y m�s a�os analfabetos/sin estudios;Ambos sexos;1999;27,2
Toledo;Poblaci�n de 16 y m�s a�os analfabetos/sin estudios;Ambos sexos;1998;25,8
Toledo;Poblaci�n de 16 y m�s a�os analfabetos/sin estudios;Ambos sexos;1997;27,1
Toledo;Poblaci�n de 16 y m�s a�os analfabetos/sin estudios;Ambos sexos;1996;28,8
Catalunia;Poblaci�n de 16 y m�s a�os analfabetos/sin estudios;Ambos sexos;2001;12,6
Catalunia;Poblaci�n de 16 y m�s a�os analfabetos/sin estudios;Ambos sexos;2000;14,2
Catalunia;Poblaci�n de 16 y m�s a�os analfabetos/sin estudios;Ambos sexos;1999;14,6
Catalunia;Poblaci�n de 16 y m�s a�os analfabetos/sin estudios;Ambos sexos;1998;14,1
Catalunia;Poblaci�n de 16 y m�s a�os analfabetos/sin estudios;Ambos sexos;1997;15,5
Catalunia;Poblaci�n de 16 y m�s a�os analfabetos/sin estudios;Ambos sexos;1996;16,2
Barcelona;Poblaci�n de 16 y m�s a�os analfabetos/sin estudios;Ambos sexos;2023;7,1
Barcelona;Poblaci�n de 16 y m�s a�os analfabetos/sin estudios;Ambos sexos;2019;8,8
Barcelona;Poblaci�n de 16 y m�s a�os analfabetos/sin estudios;Ambos sexos;2016;9,2
Barcelona;Poblaci�n de 16 y m�s a�os analfabetos/sin estudios;Ambos sexos;2015;9,4
Barcelona;Poblaci�n de 16 y m�s a�os analfabetos/sin estudios;Ambos sexos;2011;10,1
Barcelona;Poblaci�n de 16 y m�s a�os analfabetos/sin estudios;Ambos sexos;2008;10,7
Barcelona;Poblaci�n de 16 y m�s a�os analfabetos/sin estudios;Ambos sexos;2004;11,2
Barcelona;Poblaci�n de 16 y m�s a�os analfabetos/sin estudios;Ambos sexos;2001;12,4
Barcelona;Poblaci�n de 16 y m�s a�os analfabetos/sin estudios;Ambos sexos;2000;14,8
Barcelona;Poblaci�n de 16 y m�s a�os analfabetos/sin estudios;Ambos sexos;1999;15,5
Barcelona;Poblaci�n de 16 y m�s a�os analfabetos/sin estudios;Ambos sexos;1998;14,8
Barcelona;Poblaci�n de 16 y m�s a�os analfabetos/sin estudios;Ambos sexos;1997;16,7
Barcelona;Poblaci�n de 16 y m�s a�os analfabetos/sin estudios;Ambos sexos;1996;17,7
Girona;Poblaci�n de 16 y m�s a�os analfabetos/sin estudios;Ambos sexos;2023;5,5
Girona;Poblaci�n de 16 y m�s a�os analfabetos/sin estudios;Ambos sexos;2019;6,1
Girona;Poblaci�n de 16 y m�s a�os analfabetos/sin estudios;Ambos sexos;2016;6,6
Girona;Poblaci�n de 16 y m�s a�os analfabetos/sin estudios;Ambos sexos;2015;6,7
Girona;Poblaci�n de 16 y m�s a�os analfabetos/sin estudios;Ambos sexos;2011;7,0
Girona;Poblaci�n de 16 y m�s a�os analfabetos/sin estudios;Ambos sexos;2008;7,7
Girona;Poblaci�n de 16 y m�s a�os analfabetos/sin estudios;Ambos sexos;2004;8,1
Girona;Poblaci�n de 16 y m�s a�os analfabetos/sin estudios;Ambos sexos;2001;8,7
Girona;Poblaci�n de 16 y m�s a�os analfabetos/sin estudios;Ambos sexos;2000;11,1
Girona;Poblaci�n de 16 y m�s a�os analfabetos/sin estudios;Ambos sexos;1999;11,9
Girona;Poblaci�n de 16 y m�s a�os analfabetos/sin estudios;Ambos sexos;1998;10,9
Girona;Poblaci�n de 16 y m�s a�os analfabetos/sin estudios;Ambos sexos;1997;10,3
Girona;Poblaci�n de 16 y m�s a�os analfabetos/sin estudios;Ambos sexos;1996;9,9
Lleida;Poblaci�n de 16 y m�s a�os analfabetos/sin estudios;Ambos sexos;2023;5,7
Lleida;Poblaci�n de 16 y m�s a�os analfabetos/sin estudios;Ambos sexos;2019;6,3
Lleida;Poblaci�n de 16 y m�s a�os analfabetos/sin estudios;Ambos sexos;2016;6,8
Lleida;Poblaci�n de 16 y m�s a�os analfabetos/sin estudios;Ambos sexos;2015;6,9
Lleida;Poblaci�n de 16 y m�s a�os analfabetos/sin estudios;Ambos sexos;2011;7,1
Lleida;Poblaci�n de 16 y m�s a�os analfabetos/sin estudios;Ambos sexos;2008;7,6
Lleida;Poblaci�n de 16 y m�s a�os analfabetos/sin estudios;Ambos sexos;2004;8,1
Lleida;Poblaci�n de 16 y m�s a�os analfabetos/sin estudios;Ambos sexos;2001;14,6
Lleida;Poblaci�n de 16 y m�s a�os analfabetos/sin estudios;Ambos sexos;2000;9,5
Lleida;Poblaci�n de 16 y m�s a�os analfabetos/sin estudios;Ambos sexos;1999;8,2
Lleida;Poblaci�n de 16 y m�s a�os analfabetos/sin estudios;Ambos sexos;1998;9,6
Lleida;Poblaci�n de 16 y m�s a�os analfabetos/sin estudios;Ambos sexos;1997;9,4
Lleida;Poblaci�n de 16 y m�s a�os analfabetos/sin estudios;Ambos sexos;1996;9,9
Tarragona;Poblaci�n de 16 y m�s a�os analfabetos/sin estudios;Ambos sexos;2023;8,7
Tarragona;Poblaci�n de 16 y m�s a�os analfabetos/sin estudios;Ambos sexos;2019;10,3
Tarragona;Poblaci�n de 16 y m�s a�os analfabetos/sin estudios;Ambos sexos;2016;11,8
Tarragona;Poblaci�n de 16 y m�s a�os analfabetos/sin estudios;Ambos sexos;2015;11,9
Tarragona;Poblaci�n de 16 y m�s a�os analfabetos/sin estudios;Ambos sexos;2011;12,1
Tarragona;Poblaci�n de 16 y m�s a�os analfabetos/sin estudios;Ambos sexos;2008;14,6
Tarragona;Poblaci�n de 16 y m�s a�os analfabetos/sin estudios;Ambos sexos;2004;15,1
Tarragona;Poblaci�n de 16 y m�s a�os analfabetos/sin estudios;Ambos sexos;2001;16,5
Tarragona;Poblaci�n de 16 y m�s a�os analfabetos/sin estudios;Ambos sexos;2000;14,6
Tarragona;Poblaci�n de 16 y m�s a�os analfabetos/sin estudios;Ambos sexos;1999;14,5
Tarragona;Poblaci�n de 16 y m�s a�os analfabetos/sin estudios;Ambos sexos;1998;13,8
Tarragona;Poblaci�n de 16 y m�s a�os analfabetos/sin estudios;Ambos sexos;1997;13,8
Tarragona;Poblaci�n de 16 y m�s a�os analfabetos/sin estudios;Ambos sexos;1996;15,1
Comunidad Valenciana;Poblaci�n de 16 y m�s a�os analfabetos/sin estudios;Ambos sexos;2001;16,1
Comunidad Valenciana;Poblaci�n de 16 y m�s a�os analfabetos/sin estudios;Ambos sexos;2000;17,2
Comunidad Valenciana;Poblaci�n de 16 y m�s a�os analfabetos/sin estudios;Ambos sexos;1999;16,5
Comunidad Valenciana;Poblaci�n de 16 y m�s a�os analfabetos/sin estudios;Ambos sexos;1998;16,8
Comunidad Valenciana;Poblaci�n de 16 y m�s a�os analfabetos/sin estudios;Ambos sexos;1997;17,8
Comunidad Valenciana;Poblaci�n de 16 y m�s a�os analfabetos/sin estudios;Ambos sexos;1996;18,4
Alicante/Alacant;Poblaci�n de 16 y m�s a�os analfabetos/sin estudios;Ambos sexos;2023;9,7
Alicante/Alacant;Poblaci�n de 16 y m�s a�os analfabetos/sin estudios;Ambos sexos;2019;10,9
Alicante/Alacant;Poblaci�n de 16 y m�s a�os analfabetos/sin estudios;Ambos sexos;2016;13,7
Alicante/Alacant;Poblaci�n de 16 y m�s a�os analfabetos/sin estudios;Ambos sexos;2015;13,6
Alicante/Alacant;Poblaci�n de 16 y m�s a�os analfabetos/sin estudios;Ambos sexos;2011;14,1
Alicante/Alacant;Poblaci�n de 16 y m�s a�os analfabetos/sin estudios;Ambos sexos;2008;15,3
Alicante/Alacant;Poblaci�n de 16 y m�s a�os analfabetos/sin estudios;Ambos sexos;2004;16,1
Alicante/Alacant;Poblaci�n de 16 y m�s a�os analfabetos/sin estudios;Ambos sexos;2001;17,7
Alicante/Alacant;Poblaci�n de 16 y m�s a�os analfabetos/sin estudios;Ambos sexos;2000;19,7
Alicante/Alacant;Poblaci�n de 16 y m�s a�os analfabetos/sin estudios;Ambos sexos;1999;18,9
Alicante/Alacant;Poblaci�n de 16 y m�s a�os analfabetos/sin estudios;Ambos sexos;1998;18,8
Alicante/Alacant;Poblaci�n de 16 y m�s a�os analfabetos/sin estudios;Ambos sexos;1997;20,2
Alicante/Alacant;Poblaci�n de 16 y m�s a�os analfabetos/sin estudios;Ambos sexos;1996;19,9
Castellon/Castello;Poblaci�n de 16 y m�s a�os analfabetos/sin estudios;Ambos sexos;2023;8,0
Castellon/Castello;Poblaci�n de 16 y m�s a�os analfabetos/sin estudios;Ambos sexos;2019;8,9
Castellon/Castello;Poblaci�n de 16 y m�s a�os analfabetos/sin estudios;Ambos sexos;2016;9,4
Castellon/Castello;Poblaci�n de 16 y m�s a�os analfabetos/sin estudios;Ambos sexos;2015;9,4
Castellon/Castello;Poblaci�n de 16 y m�s a�os analfabetos/sin estudios;Ambos sexos;2011;10,2
Castellon/Castello;Poblaci�n de 16 y m�s a�os analfabetos/sin estudios;Ambos sexos;2008;12,1
Castellon/Castello;Poblaci�n de 16 y m�s a�os analfabetos/sin estudios;Ambos sexos;2004;13,1
Castellon/Castello;Poblaci�n de 16 y m�s a�os analfabetos/sin estudios;Ambos sexos;2001;14,7
Castellon/Castello;Poblaci�n de 16 y m�s a�os analfabetos/sin estudios;Ambos sexos;2000;17,3
Castellon/Castello;Poblaci�n de 16 y m�s a�os analfabetos/sin estudios;Ambos sexos;1999;17,0
Castellon/Castello;Poblaci�n de 16 y m�s a�os analfabetos/sin estudios;Ambos sexos;1998;16,0
Castellon/Castello;Poblaci�n de 16 y m�s a�os analfabetos/sin estudios;Ambos sexos;1997;17,8
Castellon/Castello;Poblaci�n de 16 y m�s a�os analfabetos/sin estudios;Ambos sexos;1996;19,2
Valencia/Valencia;Poblaci�n de 16 y m�s a�os analfabetos/sin estudios;Ambos sexos;2023;10,1
Valencia/Valencia;Poblaci�n de 16 y m�s a�os analfabetos/sin estudios;Ambos sexos;2019;10,6
Valencia/Valencia;Poblaci�n de 16 y m�s a�os analfabetos/sin estudios;Ambos sexos;2016;11,1
Valencia/Valencia;Poblaci�n de 16 y m�s a�os analfabetos/sin estudios;Ambos sexos;2015;11,2
Valencia/Valencia;Poblaci�n de 16 y m�s a�os analfabetos/sin estudios;Ambos sexos;2011;11,8
Valencia/Valencia;Poblaci�n de 16 y m�s a�os analfabetos/sin estudios;Ambos sexos;2008;14,2
Valencia/Valencia;Poblaci�n de 16 y m�s a�os analfabetos/sin estudios;Ambos sexos;2004;14,1
Valencia/Valencia;Poblaci�n de 16 y m�s a�os analfabetos/sin estudios;Ambos sexos;2001;15,4
Valencia/Valencia;Poblaci�n de 16 y m�s a�os analfabetos/sin estudios;Ambos sexos;2000;15,5
Valencia/Valencia;Poblaci�n de 16 y m�s a�os analfabetos/sin estudios;Ambos sexos;1999;14,9
Valencia/Valencia;Poblaci�n de 16 y m�s a�os analfabetos/sin estudios;Ambos sexos;1998;15,7
Valencia/Valencia;Poblaci�n de 16 y m�s a�os analfabetos/sin estudios;Ambos sexos;1997;16,3
Valencia/Valencia;Poblaci�n de 16 y m�s a�os analfabetos/sin estudios;Ambos sexos;1996;17,4
Extremadura;Poblaci�n de 16 y m�s a�os analfabetos/sin estudios;Ambos sexos;2001;24,6
Extremadura;Poblaci�n de 16 y m�s a�os analfabetos/sin estudios;Ambos sexos;2000;25,6
Extremadura;Poblaci�n de 16 y m�s a�os analfabetos/sin estudios;Ambos sexos;1999;25,8
Extremadura;Poblaci�n de 16 y m�s a�os analfabetos/sin estudios;Ambos sexos;1998;25,7
Extremadura;Poblaci�n de 16 y m�s a�os analfabetos/sin estudios;Ambos sexos;1997;26,1
Extremadura;Poblaci�n de 16 y m�s a�os analfabetos/sin estudios;Ambos sexos;1996;27,5
Badajoz;Poblaci�n de 16 y m�s a�os analfabetos/sin estudios;Ambos sexos;2023;15,2
Badajoz;Poblaci�n de 16 y m�s a�os analfabetos/sin estudios;Ambos sexos;2019;17,5
Badajoz;Poblaci�n de 16 y m�s a�os analfabetos/sin estudios;Ambos sexos;2016;18,3
Badajoz;Poblaci�n de 16 y m�s a�os analfabetos/sin estudios;Ambos sexos;2015;18,6
Badajoz;Poblaci�n de 16 y m�s a�os analfabetos/sin estudios;Ambos sexos;2011;21,8
Badajoz;Poblaci�n de 16 y m�s a�os analfabetos/sin estudios;Ambos sexos;2008;23,5
Badajoz;Poblaci�n de 16 y m�s a�os analfabetos/sin estudios;Ambos sexos;2004;24,1
Badajoz;Poblaci�n de 16 y m�s a�os analfabetos/sin estudios;Ambos sexos;2001;25,4
Badajoz;Poblaci�n de 16 y m�s a�os analfabetos/sin estudios;Ambos sexos;2000;26,9
Badajoz;Poblaci�n de 16 y m�s a�os analfabetos/sin estudios;Ambos sexos;1999;27,0
Badajoz;Poblaci�n de 16 y m�s a�os analfabetos/sin estudios;Ambos sexos;1998;27,5
Badajoz;Poblaci�n de 16 y m�s a�os analfabetos/sin estudios;Ambos sexos;1997;28,9
Badajoz;Poblaci�n de 16 y m�s a�os analfabetos/sin estudios;Ambos sexos;1996;32,0
Caceres;Poblaci�n de 16 y m�s a�os analfabetos/sin estudios;Ambos sexos;2023;14,2
Caceres;Poblaci�n de 16 y m�s a�os analfabetos/sin estudios;Ambos sexos;2019;17,1
Caceres;Poblaci�n de 16 y m�s a�os analfabetos/sin estudios;Ambos sexos;2016;18,1
Caceres;Poblaci�n de 16 y m�s a�os analfabetos/sin estudios;Ambos sexos;2015;18,4
Caceres;Poblaci�n de 16 y m�s a�os analfabetos/sin estudios;Ambos sexos;2011;21,3
Caceres;Poblaci�n de 16 y m�s a�os analfabetos/sin estudios;Ambos sexos;2008;22,7
Caceres;Poblaci�n de 16 y m�s a�os analfabetos/sin estudios;Ambos sexos;2004;23,1
Caceres;Poblaci�n de 16 y m�s a�os analfabetos/sin estudios;Ambos sexos;2001;23,4
Caceres;Poblaci�n de 16 y m�s a�os analfabetos/sin estudios;Ambos sexos;2000;23,8
Caceres;Poblaci�n de 16 y m�s a�os analfabetos/sin estudios;Ambos sexos;1999;23,9
Caceres;Poblaci�n de 16 y m�s a�os analfabetos/sin estudios;Ambos sexos;1998;22,8
Caceres;Poblaci�n de 16 y m�s a�os analfabetos/sin estudios;Ambos sexos;1997;21,9
Caceres;Poblaci�n de 16 y m�s a�os analfabetos/sin estudios;Ambos sexos;1996;21,2
Galicia;Poblaci�n de 16 y m�s a�os analfabetos/sin estudios;Ambos sexos;2001;19,0
Galicia;Poblaci�n de 16 y m�s a�os analfabetos/sin estudios;Ambos sexos;2000;19,9
Galicia;Poblaci�n de 16 y m�s a�os analfabetos/sin estudios;Ambos sexos;1999;19,2
Galicia;Poblaci�n de 16 y m�s a�os analfabetos/sin estudios;Ambos sexos;1998;19,7
Galicia;Poblaci�n de 16 y m�s a�os analfabetos/sin estudios;Ambos sexos;1997;20,8
Galicia;Poblaci�n de 16 y m�s a�os analfabetos/sin estudios;Ambos sexos;1996;21,3
A Corunia;Poblaci�n de 16 y m�s a�os analfabetos/sin estudios;Ambos sexos;2023;12,2
A Corunia;Poblaci�n de 16 y m�s a�os analfabetos/sin estudios;Ambos sexos;2019;12,8
A Corunia;Poblaci�n de 16 y m�s a�os analfabetos/sin estudios;Ambos sexos;2016;13,3
A Corunia;Poblaci�n de 16 y m�s a�os analfabetos/sin estudios;Ambos sexos;2015;13,4
A Corunia;Poblaci�n de 16 y m�s a�os analfabetos/sin estudios;Ambos sexos;2011;14,6
A Corunia;Poblaci�n de 16 y m�s a�os analfabetos/sin estudios;Ambos sexos;2008;15,7
A Corunia;Poblaci�n de 16 y m�s a�os analfabetos/sin estudios;Ambos sexos;2004;16,5
A Corunia;Poblaci�n de 16 y m�s a�os analfabetos/sin estudios;Ambos sexos;2001;17,9
A Corunia;Poblaci�n de 16 y m�s a�os analfabetos/sin estudios;Ambos sexos;2000;17,1
A Corunia;Poblaci�n de 16 y m�s a�os analfabetos/sin estudios;Ambos sexos;1999;15,7
A Corunia;Poblaci�n de 16 y m�s a�os analfabetos/sin estudios;Ambos sexos;1998;17,7
A Corunia;Poblaci�n de 16 y m�s a�os analfabetos/sin estudios;Ambos sexos;1997;17,6
A Corunia;Poblaci�n de 16 y m�s a�os analfabetos/sin estudios;Ambos sexos;1996;17,9
Lugo;Poblaci�n de 16 y m�s a�os analfabetos/sin estudios;Ambos sexos;2023;23,2
Lugo;Poblaci�n de 16 y m�s a�os analfabetos/sin estudios;Ambos sexos;2019;25,8
Lugo;Poblaci�n de 16 y m�s a�os analfabetos/sin estudios;Ambos sexos;2016;28,3
Lugo;Poblaci�n de 16 y m�s a�os analfabetos/sin estudios;Ambos sexos;2015;28,4
Lugo;Poblaci�n de 16 y m�s a�os analfabetos/sin estudios;Ambos sexos;2011;29,6
Lugo;Poblaci�n de 16 y m�s a�os analfabetos/sin estudios;Ambos sexos;2008;31,7
Lugo;Poblaci�n de 16 y m�s a�os analfabetos/sin estudios;Ambos sexos;2004;33,5
Lugo;Poblaci�n de 16 y m�s a�os analfabetos/sin estudios;Ambos sexos;2001;35,3
Lugo;Poblaci�n de 16 y m�s a�os analfabetos/sin estudios;Ambos sexos;2000;36,6
Lugo;Poblaci�n de 16 y m�s a�os analfabetos/sin estudios;Ambos sexos;1999;35,1
Lugo;Poblaci�n de 16 y m�s a�os analfabetos/sin estudios;Ambos sexos;1998;35,1
Lugo;Poblaci�n de 16 y m�s a�os analfabetos/sin estudios;Ambos sexos;1997;39,5
Lugo;Poblaci�n de 16 y m�s a�os analfabetos/sin estudios;Ambos sexos;1996;40,9
Ourense;Poblaci�n de 16 y m�s a�os analfabetos/sin estudios;Ambos sexos;2023;11,3
Ourense;Poblaci�n de 16 y m�s a�os analfabetos/sin estudios;Ambos sexos;2019;12,1
Ourense;Poblaci�n de 16 y m�s a�os analfabetos/sin estudios;Ambos sexos;2016;12,3
Ourense;Poblaci�n de 16 y m�s a�os analfabetos/sin estudios;Ambos sexos;2015;12,5
Ourense;Poblaci�n de 16 y m�s a�os analfabetos/sin estudios;Ambos sexos;2011;13,5
Ourense;Poblaci�n de 16 y m�s a�os analfabetos/sin estudios;Ambos sexos;2008;13,8
Ourense;Poblaci�n de 16 y m�s a�os analfabetos/sin estudios;Ambos sexos;2004;14,5
Ourense;Poblaci�n de 16 y m�s a�os analfabetos/sin estudios;Ambos sexos;2001;15,6
Ourense;Poblaci�n de 16 y m�s a�os analfabetos/sin estudios;Ambos sexos;2000;21,0
Ourense;Poblaci�n de 16 y m�s a�os analfabetos/sin estudios;Ambos sexos;1999;21,7
Ourense;Poblaci�n de 16 y m�s a�os analfabetos/sin estudios;Ambos sexos;1998;20,9
Ourense;Poblaci�n de 16 y m�s a�os analfabetos/sin estudios;Ambos sexos;1997;23,5
Ourense;Poblaci�n de 16 y m�s a�os analfabetos/sin estudios;Ambos sexos;1996;23,1
Pontevedra;Poblaci�n de 16 y m�s a�os analfabetos/sin estudios;Ambos sexos;2023;10,2
Pontevedra;Poblaci�n de 16 y m�s a�os analfabetos/sin estudios;Ambos sexos;2019;11,5
Pontevedra;Poblaci�n de 16 y m�s a�os analfabetos/sin estudios;Ambos sexos;2016;12,1
Pontevedra;Poblaci�n de 16 y m�s a�os analfabetos/sin estudios;Ambos sexos;2015;12,1
Pontevedra;Poblaci�n de 16 y m�s a�os analfabetos/sin estudios;Ambos sexos;2011;13,1
Pontevedra;Poblaci�n de 16 y m�s a�os analfabetos/sin estudios;Ambos sexos;2008;13,3
Pontevedra;Poblaci�n de 16 y m�s a�os analfabetos/sin estudios;Ambos sexos;2004;14,5
Pontevedra;Poblaci�n de 16 y m�s a�os analfabetos/sin estudios;Ambos sexos;2001;15,1
Pontevedra;Poblaci�n de 16 y m�s a�os analfabetos/sin estudios;Ambos sexos;2000;16,1
Pontevedra;Poblaci�n de 16 y m�s a�os analfabetos/sin estudios;Ambos sexos;1999;16,0
Pontevedra;Poblaci�n de 16 y m�s a�os analfabetos/sin estudios;Ambos sexos;1998;15,1
Pontevedra;Poblaci�n de 16 y m�s a�os analfabetos/sin estudios;Ambos sexos;1997;15,7
Pontevedra;Poblaci�n de 16 y m�s a�os analfabetos/sin estudios;Ambos sexos;1996;16,9
Madrid, Comunidad de;Poblaci�n de 16 y m�s a�os analfabetos/sin estudios;Ambos sexos;2023;5,9
Madrid, Comunidad de;Poblaci�n de 16 y m�s a�os analfabetos/sin estudios;Ambos sexos;2019;6,6
Madrid, Comunidad de;Poblaci�n de 16 y m�s a�os analfabetos/sin estudios;Ambos sexos;2016;7,2
Madrid, Comunidad de;Poblaci�n de 16 y m�s a�os analfabetos/sin estudios;Ambos sexos;2015;7,4
Madrid, Comunidad de;Poblaci�n de 16 y m�s a�os analfabetos/sin estudios;Ambos sexos;2011;8,4
Madrid, Comunidad de;Poblaci�n de 16 y m�s a�os analfabetos/sin estudios;Ambos sexos;2008;9,1
Madrid, Comunidad de;Poblaci�n de 16 y m�s a�os analfabetos/sin estudios;Ambos sexos;2004;9,3
Madrid, Comunidad de;Poblaci�n de 16 y m�s a�os analfabetos/sin estudios;Ambos sexos;2001;9,5
Madrid, Comunidad de;Poblaci�n de 16 y m�s a�os analfabetos/sin estudios;Ambos sexos;2000;9,8
Madrid, Comunidad de;Poblaci�n de 16 y m�s a�os analfabetos/sin estudios;Ambos sexos;1999;8,6
Madrid, Comunidad de;Poblaci�n de 16 y m�s a�os analfabetos/sin estudios;Ambos sexos;1998;7,4
Madrid, Comunidad de;Poblaci�n de 16 y m�s a�os analfabetos/sin estudios;Ambos sexos;1997;7,6
Madrid, Comunidad de;Poblaci�n de 16 y m�s a�os analfabetos/sin estudios;Ambos sexos;1996;7,3
Murcia, Region de;Poblaci�n de 16 y m�s a�os analfabetos/sin estudios;Ambos sexos;2023;13,8
Murcia, Region de;Poblaci�n de 16 y m�s a�os analfabetos/sin estudios;Ambos sexos;2019;14,4
Murcia, Region de;Poblaci�n de 16 y m�s a�os analfabetos/sin estudios;Ambos sexos;2016;16,4
Murcia, Region de;Poblaci�n de 16 y m�s a�os analfabetos/sin estudios;Ambos sexos;2015;16,5
Murcia, Region de;Poblaci�n de 16 y m�s a�os analfabetos/sin estudios;Ambos sexos;2011;18,9
Murcia, Region de;Poblaci�n de 16 y m�s a�os analfabetos/sin estudios;Ambos sexos;2008;19,3
Murcia, Region de;Poblaci�n de 16 y m�s a�os analfabetos/sin estudios;Ambos sexos;2004;20,5
Murcia, Region de;Poblaci�n de 16 y m�s a�os analfabetos/sin estudios;Ambos sexos;2001;21,1
Murcia, Region de;Poblaci�n de 16 y m�s a�os analfabetos/sin estudios;Ambos sexos;2000;22,8
Murcia, Region de;Poblaci�n de 16 y m�s a�os analfabetos/sin estudios;Ambos sexos;1999;23,8
Murcia, Region de;Poblaci�n de 16 y m�s a�os analfabetos/sin estudios;Ambos sexos;1998;23,0
Murcia, Region de;Poblaci�n de 16 y m�s a�os analfabetos/sin estudios;Ambos sexos;1997;24,8
Murcia, Region de;Poblaci�n de 16 y m�s a�os analfabetos/sin estudios;Ambos sexos;1996;24,8
Navarra, Comunidad Foral;Poblaci�n de 16 y m�s a�os analfabetos/sin estudios;Ambos sexos;2023;4,2
Navarra, Comunidad Foral;Poblaci�n de 16 y m�s a�os analfabetos/sin estudios;Ambos sexos;2019;5,5
Navarra, Comunidad Foral;Poblaci�n de 16 y m�s a�os analfabetos/sin estudios;Ambos sexos;2016;5,1
Navarra, Comunidad Foral;Poblaci�n de 16 y m�s a�os analfabetos/sin estudios;Ambos sexos;2015;5,1
Navarra, Comunidad Foral;Poblaci�n de 16 y m�s a�os analfabetos/sin estudios;Ambos sexos;2011;5,8
Navarra, Comunidad Foral;Poblaci�n de 16 y m�s a�os analfabetos/sin estudios;Ambos sexos;2008;6,3
Navarra, Comunidad Foral;Poblaci�n de 16 y m�s a�os analfabetos/sin estudios;Ambos sexos;2004;6,5
Navarra, Comunidad Foral;Poblaci�n de 16 y m�s a�os analfabetos/sin estudios;Ambos sexos;2001;6,8
Navarra, Comunidad Foral;Poblaci�n de 16 y m�s a�os analfabetos/sin estudios;Ambos sexos;2000;8,4
Navarra, Comunidad Foral;Poblaci�n de 16 y m�s a�os analfabetos/sin estudios;Ambos sexos;1999;8,9
Navarra, Comunidad Foral;Poblaci�n de 16 y m�s a�os analfabetos/sin estudios;Ambos sexos;1998;6,9
Navarra, Comunidad Foral;Poblaci�n de 16 y m�s a�os analfabetos/sin estudios;Ambos sexos;1997;7,1
Navarra, Comunidad Foral;Poblaci�n de 16 y m�s a�os analfabetos/sin estudios;Ambos sexos;1996;7,3
País Vasco;Poblaci�n de 16 y m�s a�os analfabetos/sin estudios;Ambos sexos;2001;6,8
País Vasco;Poblaci�n de 16 y m�s a�os analfabetos/sin estudios;Ambos sexos;2000;7,8
País Vasco;Poblaci�n de 16 y m�s a�os analfabetos/sin estudios;Ambos sexos;1999;6,2
País Vasco;Poblaci�n de 16 y m�s a�os analfabetos/sin estudios;Ambos sexos;1998;5,6
País Vasco;Poblaci�n de 16 y m�s a�os analfabetos/sin estudios;Ambos sexos;1997;5,5
País Vasco;Poblaci�n de 16 y m�s a�os analfabetos/sin estudios;Ambos sexos;1996;6,1
Alava;Poblaci�n de 16 y m�s a�os analfabetos/sin estudios;Ambos sexos;2023;4,2
Alava;Poblaci�n de 16 y m�s a�os analfabetos/sin estudios;Ambos sexos;2019;5,1
Alava;Poblaci�n de 16 y m�s a�os analfabetos/sin estudios;Ambos sexos;2016;5,7
Alava;Poblaci�n de 16 y m�s a�os analfabetos/sin estudios;Ambos sexos;2015;5,9
Alava;Poblaci�n de 16 y m�s a�os analfabetos/sin estudios;Ambos sexos;2011;6,1
Alava;Poblaci�n de 16 y m�s a�os analfabetos/sin estudios;Ambos sexos;2008;6,3
Alava;Poblaci�n de 16 y m�s a�os analfabetos/sin estudios;Ambos sexos;2004;6,6
Alava;Poblaci�n de 16 y m�s a�os analfabetos/sin estudios;Ambos sexos;2001;7,5
Alava;Poblaci�n de 16 y m�s a�os analfabetos/sin estudios;Ambos sexos;2000;7,6
Alava;Poblaci�n de 16 y m�s a�os analfabetos/sin estudios;Ambos sexos;1999;6,4
Alava;Poblaci�n de 16 y m�s a�os analfabetos/sin estudios;Ambos sexos;1998;8,1
Alava;Poblaci�n de 16 y m�s a�os analfabetos/sin estudios;Ambos sexos;1997;7,0
Alava;Poblaci�n de 16 y m�s a�os analfabetos/sin estudios;Ambos sexos;1996;7,4
Guipuzcoa;Poblaci�n de 16 y m�s a�os analfabetos/sin estudios;Ambos sexos;2023;4,1
Guipuzcoa;Poblaci�n de 16 y m�s a�os analfabetos/sin estudios;Ambos sexos;2019;5,2
Guipuzcoa;Poblaci�n de 16 y m�s a�os analfabetos/sin estudios;Ambos sexos;2016;5,8
Guipuzcoa;Poblaci�n de 16 y m�s a�os analfabetos/sin estudios;Ambos sexos;2015;5,9
Guipuzcoa;Poblaci�n de 16 y m�s a�os analfabetos/sin estudios;Ambos sexos;2011;6,2
Guipuzcoa;Poblaci�n de 16 y m�s a�os analfabetos/sin estudios;Ambos sexos;2008;6,4
Guipuzcoa;Poblaci�n de 16 y m�s a�os analfabetos/sin estudios;Ambos sexos;2004;6,8
Guipuzcoa;Poblaci�n de 16 y m�s a�os analfabetos/sin estudios;Ambos sexos;2001;7,2
Guipuzcoa;Poblaci�n de 16 y m�s a�os analfabetos/sin estudios;Ambos sexos;2000;8,5
Guipuzcoa;Poblaci�n de 16 y m�s a�os analfabetos/sin estudios;Ambos sexos;1999;7,1
Guipuzcoa;Poblaci�n de 16 y m�s a�os analfabetos/sin estudios;Ambos sexos;1998;6,2
Guipuzcoa;Poblaci�n de 16 y m�s a�os analfabetos/sin estudios;Ambos sexos;1997;5,9
Guipuzcoa;Poblaci�n de 16 y m�s a�os analfabetos/sin estudios;Ambos sexos;1996;7,2
Vizcaya;Poblaci�n de 16 y m�s a�os analfabetos/sin estudios;Ambos sexos;2023;3,7
Vizcaya;Poblaci�n de 16 y m�s a�os analfabetos/sin estudios;Ambos sexos;2019;5,0
Vizcaya;Poblaci�n de 16 y m�s a�os analfabetos/sin estudios;Ambos sexos;2016;5,1
Vizcaya;Poblaci�n de 16 y m�s a�os analfabetos/sin estudios;Ambos sexos;2015;5,2
Vizcaya;Poblaci�n de 16 y m�s a�os analfabetos/sin estudios;Ambos sexos;2011;6,1
Vizcaya;Poblaci�n de 16 y m�s a�os analfabetos/sin estudios;Ambos sexos;2008;6,2
Vizcaya;Poblaci�n de 16 y m�s a�os analfabetos/sin estudios;Ambos sexos;2004;5,9
Vizcaya;Poblaci�n de 16 y m�s a�os analfabetos/sin estudios;Ambos sexos;2001;5,5
Vizcaya;Poblaci�n de 16 y m�s a�os analfabetos/sin estudios;Ambos sexos;2000;7,5
Vizcaya;Poblaci�n de 16 y m�s a�os analfabetos/sin estudios;Ambos sexos;1999;5,7
Vizcaya;Poblaci�n de 16 y m�s a�os analfabetos/sin estudios;Ambos sexos;1998;4,6
Vizcaya;Poblaci�n de 16 y m�s a�os analfabetos/sin estudios;Ambos sexos;1997;4,9
Vizcaya;Poblaci�n de 16 y m�s a�os analfabetos/sin estudios;Ambos sexos;1996;5,4
Rioja, La;Poblaci�n de 16 y m�s a�os analfabetos/sin estudios;Ambos sexos;2023;2,5
Rioja, La;Poblaci�n de 16 y m�s a�os analfabetos/sin estudios;Ambos sexos;2019;2,1
Rioja, La;Poblaci�n de 16 y m�s a�os analfabetos/sin estudios;Ambos sexos;2016;2,8
Rioja, La;Poblaci�n de 16 y m�s a�os analfabetos/sin estudios;Ambos sexos;2015;3,1
Rioja, La;Poblaci�n de 16 y m�s a�os analfabetos/sin estudios;Ambos sexos;2011;3,3
Rioja, La;Poblaci�n de 16 y m�s a�os analfabetos/sin estudios;Ambos sexos;2008;3,9
Rioja, La;Poblaci�n de 16 y m�s a�os analfabetos/sin estudios;Ambos sexos;2004;3,8
Rioja, La;Poblaci�n de 16 y m�s a�os analfabetos/sin estudios;Ambos sexos;2001;3,2
Rioja, La;Poblaci�n de 16 y m�s a�os analfabetos/sin estudios;Ambos sexos;2000;6,4
Rioja, La;Poblaci�n de 16 y m�s a�os analfabetos/sin estudios;Ambos sexos;1999;8,5
Rioja, La;Poblaci�n de 16 y m�s a�os analfabetos/sin estudios;Ambos sexos;1998;8,4
Rioja, La;Poblaci�n de 16 y m�s a�os analfabetos/sin estudios;Ambos sexos;1997;7,8
Rioja, La;Poblaci�n de 16 y m�s a�os analfabetos/sin estudios;Ambos sexos;1996;8,6
Ceuta y Melilla;Poblaci�n de 16 y m�s a�os analfabetos/sin estudios;Ambos sexos;2001;16,6
Ceuta y Melilla;Poblaci�n de 16 y m�s a�os analfabetos/sin estudios;Ambos sexos;2000;14,1
Ceuta y Melilla;Poblaci�n de 16 y m�s a�os analfabetos/sin estudios;Ambos sexos;1999;14,8
Ceuta y Melilla;Poblaci�n de 16 y m�s a�os analfabetos/sin estudios;Ambos sexos;1998;14,2
Ceuta y Melilla;Poblaci�n de 16 y m�s a�os analfabetos/sin estudios;Ambos sexos;1997;14,1
Ceuta y Melilla;Poblaci�n de 16 y m�s a�os analfabetos/sin estudios;Ambos sexos;1996;16,5
Ceuta;Poblaci�n de 16 y m�s a�os analfabetos/sin estudios;Ambos sexos;2001;..
Ceuta;Poblaci�n de 16 y m�s a�os analfabetos/sin estudios;Ambos sexos;2000;..
Ceuta;Poblaci�n de 16 y m�s a�os analfabetos/sin estudios;Ambos sexos;1999;..
Ceuta;Poblaci�n de 16 y m�s a�os analfabetos/sin estudios;Ambos sexos;1998;..
Ceuta;Poblaci�n de 16 y m�s a�os analfabetos/sin estudios;Ambos sexos;1997;..
Ceuta;Poblaci�n de 16 y m�s a�os analfabetos/sin estudios;Ambos sexos;1996;..
Melilla;Poblaci�n de 16 y m�s a�os analfabetos/sin estudios;Ambos sexos;2001;..
Melilla;Poblaci�n de 16 y m�s a�os analfabetos/sin estudios;Ambos sexos;2000;..
Melilla;Poblaci�n de 16 y m�s a�os analfabetos/sin estudios;Ambos sexos;1999;..
Melilla;Poblaci�n de 16 y m�s a�os analfabetos/sin estudios;Ambos sexos;1998;..
Melilla;Poblaci�n de 16 y m�s a�os analfabetos/sin estudios;Ambos sexos;1997;..
Melilla;Poblaci�n de 16 y m�s a�os analfabetos/sin estudios;Ambos sexos;1996;..
