Provincias;Sexo;Periodo;Total
02 Albacete;Ambos sexos;2023;83,61
02 Albacete;Ambos sexos;2022;82,99
02 Albacete;Ambos sexos;2021;83,21
02 Albacete;Ambos sexos;2020;81,36
02 Albacete;Ambos sexos;2019;83,31
02 Albacete;Ambos sexos;2018;83,36
02 Albacete;Ambos sexos;2017;83,47
02 Albacete;Ambos sexos;2016;83,14
02 Albacete;Ambos sexos;2015;82,87
02 Albacete;Ambos sexos;2014;82,66
02 Albacete;Ambos sexos;2013;82,84
02 Albacete;Ambos sexos;2012;82,65
02 Albacete;Ambos sexos;2011;82,43
02 Albacete;Ambos sexos;2010;82,65
02 Albacete;Ambos sexos;2009;81,81
02 Albacete;Ambos sexos;2008;81,84
02 Albacete;Ambos sexos;2007;81,58
02 Albacete;Ambos sexos;2006;81,55
02 Albacete;Ambos sexos;2005;80,87
02 Albacete;Ambos sexos;2004;81,11
02 Albacete;Ambos sexos;2003;80,20
02 Albacete;Ambos sexos;2002;80,62
02 Albacete;Ambos sexos;2001;80,37
02 Albacete;Ambos sexos;2000;79,94
02 Albacete;Ambos sexos;1999;80,09
02 Albacete;Ambos sexos;1998;79,13
02 Albacete;Ambos sexos;1997;79,46
02 Albacete;Ambos sexos;1996;78,88
03 Alicante/Alacant;Ambos sexos;2023;83,21
03 Alicante/Alacant;Ambos sexos;2022;82,62
03 Alicante/Alacant;Ambos sexos;2021;82,21
03 Alicante/Alacant;Ambos sexos;2020;82,42
03 Alicante/Alacant;Ambos sexos;2019;83,09
03 Alicante/Alacant;Ambos sexos;2018;82,69
03 Alicante/Alacant;Ambos sexos;2017;82,68
03 Alicante/Alacant;Ambos sexos;2016;82,85
03 Alicante/Alacant;Ambos sexos;2015;82,51
03 Alicante/Alacant;Ambos sexos;2014;82,66
03 Alicante/Alacant;Ambos sexos;2013;82,57
03 Alicante/Alacant;Ambos sexos;2012;81,99
03 Alicante/Alacant;Ambos sexos;2011;82,17
03 Alicante/Alacant;Ambos sexos;2010;82,09
03 Alicante/Alacant;Ambos sexos;2009;81,91
03 Alicante/Alacant;Ambos sexos;2008;81,26
03 Alicante/Alacant;Ambos sexos;2007;80,92
03 Alicante/Alacant;Ambos sexos;2006;80,85
03 Alicante/Alacant;Ambos sexos;2005;80,05
03 Alicante/Alacant;Ambos sexos;2004;80,08
03 Alicante/Alacant;Ambos sexos;2003;79,29
03 Alicante/Alacant;Ambos sexos;2002;79,29
03 Alicante/Alacant;Ambos sexos;2001;78,92
03 Alicante/Alacant;Ambos sexos;2000;78,89
03 Alicante/Alacant;Ambos sexos;1999;78,36
03 Alicante/Alacant;Ambos sexos;1998;78,77
03 Alicante/Alacant;Ambos sexos;1997;78,45
03 Alicante/Alacant;Ambos sexos;1996;78,23
04 Almería;Ambos sexos;2023;81,81
04 Almería;Ambos sexos;2022;81,31
04 Almería;Ambos sexos;2021;80,61
04 Almería;Ambos sexos;2020;81,20
04 Almería;Ambos sexos;2019;81,93
04 Almería;Ambos sexos;2018;81,14
04 Almería;Ambos sexos;2017;81,75
04 Almería;Ambos sexos;2016;81,70
04 Almería;Ambos sexos;2015;81,11
04 Almería;Ambos sexos;2014;81,82
04 Almería;Ambos sexos;2013;81,58
04 Almería;Ambos sexos;2012;81,03
04 Almería;Ambos sexos;2011;80,79
04 Almería;Ambos sexos;2010;80,96
04 Almería;Ambos sexos;2009;80,23
04 Almería;Ambos sexos;2008;79,95
04 Almería;Ambos sexos;2007;79,52
04 Almería;Ambos sexos;2006;79,47
04 Almería;Ambos sexos;2005;78,75
04 Almería;Ambos sexos;2004;78,83
04 Almería;Ambos sexos;2003;78,36
04 Almería;Ambos sexos;2002;77,95
04 Almería;Ambos sexos;2001;78,33
04 Almería;Ambos sexos;2000;78,46
04 Almería;Ambos sexos;1999;77,82
04 Almería;Ambos sexos;1998;77,99
04 Almería;Ambos sexos;1997;77,61
04 Almería;Ambos sexos;1996;77,17
01 Araba/Álava;Ambos sexos;2023;85,07
01 Araba/Álava;Ambos sexos;2022;84,13
01 Araba/Álava;Ambos sexos;2021;84,31
01 Araba/Álava;Ambos sexos;2020;83,59
01 Araba/Álava;Ambos sexos;2019;84,76
01 Araba/Álava;Ambos sexos;2018;84,32
01 Araba/Álava;Ambos sexos;2017;83,89
01 Araba/Álava;Ambos sexos;2016;84,18
01 Araba/Álava;Ambos sexos;2015;83,49
01 Araba/Álava;Ambos sexos;2014;84,38
01 Araba/Álava;Ambos sexos;2013;83,36
01 Araba/Álava;Ambos sexos;2012;83,53
01 Araba/Álava;Ambos sexos;2011;83,04
01 Araba/Álava;Ambos sexos;2010;83,19
01 Araba/Álava;Ambos sexos;2009;82,35
01 Araba/Álava;Ambos sexos;2008;82,55
01 Araba/Álava;Ambos sexos;2007;81,92
01 Araba/Álava;Ambos sexos;2006;82,20
01 Araba/Álava;Ambos sexos;2005;80,85
01 Araba/Álava;Ambos sexos;2004;81,78
01 Araba/Álava;Ambos sexos;2003;81,22
01 Araba/Álava;Ambos sexos;2002;81,44
01 Araba/Álava;Ambos sexos;2001;80,60
01 Araba/Álava;Ambos sexos;2000;80,15
01 Araba/Álava;Ambos sexos;1999;79,87
01 Araba/Álava;Ambos sexos;1998;79,88
01 Araba/Álava;Ambos sexos;1997;79,88
01 Araba/Álava;Ambos sexos;1996;79,22
33 Asturias;Ambos sexos;2023;83,11
33 Asturias;Ambos sexos;2022;82,46
33 Asturias;Ambos sexos;2021;82,75
33 Asturias;Ambos sexos;2020;82,10
33 Asturias;Ambos sexos;2019;82,84
33 Asturias;Ambos sexos;2018;82,64
33 Asturias;Ambos sexos;2017;82,59
33 Asturias;Ambos sexos;2016;82,38
33 Asturias;Ambos sexos;2015;82,21
33 Asturias;Ambos sexos;2014;82,11
33 Asturias;Ambos sexos;2013;82,19
33 Asturias;Ambos sexos;2012;81,52
33 Asturias;Ambos sexos;2011;81,30
33 Asturias;Ambos sexos;2010;81,18
33 Asturias;Ambos sexos;2009;81,09
33 Asturias;Ambos sexos;2008;80,70
33 Asturias;Ambos sexos;2007;80,37
33 Asturias;Ambos sexos;2006;80,19
33 Asturias;Ambos sexos;2005;79,90
33 Asturias;Ambos sexos;2004;79,84
33 Asturias;Ambos sexos;2003;79,18
33 Asturias;Ambos sexos;2002;79,52
33 Asturias;Ambos sexos;2001;79,50
33 Asturias;Ambos sexos;2000;78,79
33 Asturias;Ambos sexos;1999;78,40
33 Asturias;Ambos sexos;1998;78,36
33 Asturias;Ambos sexos;1997;78,31
33 Asturias;Ambos sexos;1996;77,59
05 Ávila;Ambos sexos;2023;84,41
05 Ávila;Ambos sexos;2022;83,41
05 Ávila;Ambos sexos;2021;83,57
05 Ávila;Ambos sexos;2020;82,24
05 Ávila;Ambos sexos;2019;83,95
05 Ávila;Ambos sexos;2018;83,44
05 Ávila;Ambos sexos;2017;83,32
05 Ávila;Ambos sexos;2016;83,28
05 Ávila;Ambos sexos;2015;82,57
05 Ávila;Ambos sexos;2014;83,15
05 Ávila;Ambos sexos;2013;82,88
05 Ávila;Ambos sexos;2012;83,31
05 Ávila;Ambos sexos;2011;82,72
05 Ávila;Ambos sexos;2010;82,23
05 Ávila;Ambos sexos;2009;82,96
05 Ávila;Ambos sexos;2008;82,07
05 Ávila;Ambos sexos;2007;81,07
05 Ávila;Ambos sexos;2006;81,34
05 Ávila;Ambos sexos;2005;81,00
05 Ávila;Ambos sexos;2004;81,37
05 Ávila;Ambos sexos;2003;81,11
05 Ávila;Ambos sexos;2002;80,12
05 Ávila;Ambos sexos;2001;80,76
05 Ávila;Ambos sexos;2000;80,51
05 Ávila;Ambos sexos;1999;80,09
05 Ávila;Ambos sexos;1998;79,72
05 Ávila;Ambos sexos;1997;80,38
05 Ávila;Ambos sexos;1996;79,45
06 Badajoz;Ambos sexos;2023;82,90
06 Badajoz;Ambos sexos;2022;82,29
06 Badajoz;Ambos sexos;2021;81,89
06 Badajoz;Ambos sexos;2020;81,90
06 Badajoz;Ambos sexos;2019;82,43
06 Badajoz;Ambos sexos;2018;82,26
06 Badajoz;Ambos sexos;2017;82,09
06 Badajoz;Ambos sexos;2016;81,96
06 Badajoz;Ambos sexos;2015;81,70
06 Badajoz;Ambos sexos;2014;81,80
06 Badajoz;Ambos sexos;2013;81,54
06 Badajoz;Ambos sexos;2012;81,05
06 Badajoz;Ambos sexos;2011;81,42
06 Badajoz;Ambos sexos;2010;80,69
06 Badajoz;Ambos sexos;2009;80,52
06 Badajoz;Ambos sexos;2008;80,60
06 Badajoz;Ambos sexos;2007;80,27
06 Badajoz;Ambos sexos;2006;79,91
06 Badajoz;Ambos sexos;2005;79,22
06 Badajoz;Ambos sexos;2004;79,55
06 Badajoz;Ambos sexos;2003;78,77
06 Badajoz;Ambos sexos;2002;78,89
06 Badajoz;Ambos sexos;2001;78,98
06 Badajoz;Ambos sexos;2000;78,39
06 Badajoz;Ambos sexos;1999;78,17
06 Badajoz;Ambos sexos;1998;78,39
06 Badajoz;Ambos sexos;1997;78,15
06 Badajoz;Ambos sexos;1996;77,46
07 Balears, Illes;Ambos sexos;2023;83,71
07 Balears, Illes;Ambos sexos;2022;82,90
07 Balears, Illes;Ambos sexos;2021;83,00
07 Balears, Illes;Ambos sexos;2020;83,11
07 Balears, Illes;Ambos sexos;2019;83,40
07 Balears, Illes;Ambos sexos;2018;82,97
07 Balears, Illes;Ambos sexos;2017;82,68
07 Balears, Illes;Ambos sexos;2016;82,86
07 Balears, Illes;Ambos sexos;2015;82,28
07 Balears, Illes;Ambos sexos;2014;82,60
07 Balears, Illes;Ambos sexos;2013;82,56
07 Balears, Illes;Ambos sexos;2012;81,85
07 Balears, Illes;Ambos sexos;2011;81,93
07 Balears, Illes;Ambos sexos;2010;81,56
07 Balears, Illes;Ambos sexos;2009;81,15
07 Balears, Illes;Ambos sexos;2008;81,19
07 Balears, Illes;Ambos sexos;2007;81,26
07 Balears, Illes;Ambos sexos;2006;80,85
07 Balears, Illes;Ambos sexos;2005;80,33
07 Balears, Illes;Ambos sexos;2004;80,27
07 Balears, Illes;Ambos sexos;2003;79,78
07 Balears, Illes;Ambos sexos;2002;79,47
07 Balears, Illes;Ambos sexos;2001;79,14
07 Balears, Illes;Ambos sexos;2000;78,42
07 Balears, Illes;Ambos sexos;1999;78,13
07 Balears, Illes;Ambos sexos;1998;78,46
07 Balears, Illes;Ambos sexos;1997;78,28
07 Balears, Illes;Ambos sexos;1996;77,66
08 Barcelona;Ambos sexos;2023;84,15
08 Barcelona;Ambos sexos;2022;83,69
08 Barcelona;Ambos sexos;2021;83,48
08 Barcelona;Ambos sexos;2020;82,22
08 Barcelona;Ambos sexos;2019;84,01
08 Barcelona;Ambos sexos;2018;83,54
08 Barcelona;Ambos sexos;2017;83,40
08 Barcelona;Ambos sexos;2016;83,53
08 Barcelona;Ambos sexos;2015;83,23
08 Barcelona;Ambos sexos;2014;83,27
08 Barcelona;Ambos sexos;2013;83,06
08 Barcelona;Ambos sexos;2012;82,57
08 Barcelona;Ambos sexos;2011;82,66
08 Barcelona;Ambos sexos;2010;82,34
08 Barcelona;Ambos sexos;2009;81,98
08 Barcelona;Ambos sexos;2008;81,69
08 Barcelona;Ambos sexos;2007;81,40
08 Barcelona;Ambos sexos;2006;81,38
08 Barcelona;Ambos sexos;2005;80,54
08 Barcelona;Ambos sexos;2004;80,74
08 Barcelona;Ambos sexos;2003;80,05
08 Barcelona;Ambos sexos;2002;80,15
08 Barcelona;Ambos sexos;2001;79,87
08 Barcelona;Ambos sexos;2000;79,71
08 Barcelona;Ambos sexos;1999;79,00
08 Barcelona;Ambos sexos;1998;79,20
08 Barcelona;Ambos sexos;1997;78,92
08 Barcelona;Ambos sexos;1996;78,65
48 Bizkaia;Ambos sexos;2023;84,42
48 Bizkaia;Ambos sexos;2022;83,39
48 Bizkaia;Ambos sexos;2021;83,70
48 Bizkaia;Ambos sexos;2020;82,99
48 Bizkaia;Ambos sexos;2019;83,65
48 Bizkaia;Ambos sexos;2018;83,49
48 Bizkaia;Ambos sexos;2017;83,50
48 Bizkaia;Ambos sexos;2016;83,14
48 Bizkaia;Ambos sexos;2015;82,98
48 Bizkaia;Ambos sexos;2014;83,10
48 Bizkaia;Ambos sexos;2013;83,13
48 Bizkaia;Ambos sexos;2012;82,50
48 Bizkaia;Ambos sexos;2011;82,14
48 Bizkaia;Ambos sexos;2010;82,03
48 Bizkaia;Ambos sexos;2009;81,74
48 Bizkaia;Ambos sexos;2008;81,48
48 Bizkaia;Ambos sexos;2007;81,19
48 Bizkaia;Ambos sexos;2006;81,11
48 Bizkaia;Ambos sexos;2005;80,64
48 Bizkaia;Ambos sexos;2004;80,45
48 Bizkaia;Ambos sexos;2003;79,94
48 Bizkaia;Ambos sexos;2002;79,85
48 Bizkaia;Ambos sexos;2001;80,08
48 Bizkaia;Ambos sexos;2000;79,30
48 Bizkaia;Ambos sexos;1999;79,29
48 Bizkaia;Ambos sexos;1998;78,91
48 Bizkaia;Ambos sexos;1997;78,90
48 Bizkaia;Ambos sexos;1996;78,05
09 Burgos;Ambos sexos;2023;84,23
09 Burgos;Ambos sexos;2022;83,87
09 Burgos;Ambos sexos;2021;84,55
09 Burgos;Ambos sexos;2020;83,18
09 Burgos;Ambos sexos;2019;84,52
09 Burgos;Ambos sexos;2018;84,08
09 Burgos;Ambos sexos;2017;83,82
09 Burgos;Ambos sexos;2016;84,09
09 Burgos;Ambos sexos;2015;84,22
09 Burgos;Ambos sexos;2014;83,60
09 Burgos;Ambos sexos;2013;83,57
09 Burgos;Ambos sexos;2012;82,89
09 Burgos;Ambos sexos;2011;82,96
09 Burgos;Ambos sexos;2010;83,17
09 Burgos;Ambos sexos;2009;82,34
09 Burgos;Ambos sexos;2008;82,09
09 Burgos;Ambos sexos;2007;82,09
09 Burgos;Ambos sexos;2006;82,15
09 Burgos;Ambos sexos;2005;80,81
09 Burgos;Ambos sexos;2004;81,95
09 Burgos;Ambos sexos;2003;80,91
09 Burgos;Ambos sexos;2002;80,88
09 Burgos;Ambos sexos;2001;81,40
09 Burgos;Ambos sexos;2000;80,47
09 Burgos;Ambos sexos;1999;80,26
09 Burgos;Ambos sexos;1998;79,79
09 Burgos;Ambos sexos;1997;79,54
09 Burgos;Ambos sexos;1996;79,61
10 Cáceres;Ambos sexos;2023;83,28
10 Cáceres;Ambos sexos;2022;82,53
10 Cáceres;Ambos sexos;2021;82,62
10 Cáceres;Ambos sexos;2020;81,72
10 Cáceres;Ambos sexos;2019;83,47
10 Cáceres;Ambos sexos;2018;82,88
10 Cáceres;Ambos sexos;2017;82,47
10 Cáceres;Ambos sexos;2016;82,82
10 Cáceres;Ambos sexos;2015;82,54
10 Cáceres;Ambos sexos;2014;83,21
10 Cáceres;Ambos sexos;2013;82,34
10 Cáceres;Ambos sexos;2012;82,01
10 Cáceres;Ambos sexos;2011;82,19
10 Cáceres;Ambos sexos;2010;81,99
10 Cáceres;Ambos sexos;2009;81,86
10 Cáceres;Ambos sexos;2008;81,69
10 Cáceres;Ambos sexos;2007;80,73
10 Cáceres;Ambos sexos;2006;81,20
10 Cáceres;Ambos sexos;2005;80,17
10 Cáceres;Ambos sexos;2004;80,19
10 Cáceres;Ambos sexos;2003;79,43
10 Cáceres;Ambos sexos;2002;80,13
10 Cáceres;Ambos sexos;2001;79,67
10 Cáceres;Ambos sexos;2000;79,49
10 Cáceres;Ambos sexos;1999;79,16
10 Cáceres;Ambos sexos;1998;78,89
10 Cáceres;Ambos sexos;1997;78,91
10 Cáceres;Ambos sexos;1996;78,70
11 Cádiz;Ambos sexos;2023;82,01
11 Cádiz;Ambos sexos;2022;81,44
11 Cádiz;Ambos sexos;2021;80,75
11 Cádiz;Ambos sexos;2020;81,08
11 Cádiz;Ambos sexos;2019;81,71
11 Cádiz;Ambos sexos;2018;81,01
11 Cádiz;Ambos sexos;2017;81,27
11 Cádiz;Ambos sexos;2016;81,05
11 Cádiz;Ambos sexos;2015;80,82
11 Cádiz;Ambos sexos;2014;81,17
11 Cádiz;Ambos sexos;2013;80,66
11 Cádiz;Ambos sexos;2012;80,02
11 Cádiz;Ambos sexos;2011;80,26
11 Cádiz;Ambos sexos;2010;80,18
11 Cádiz;Ambos sexos;2009;79,75
11 Cádiz;Ambos sexos;2008;79,57
11 Cádiz;Ambos sexos;2007;79,86
11 Cádiz;Ambos sexos;2006;79,34
11 Cádiz;Ambos sexos;2005;78,09
11 Cádiz;Ambos sexos;2004;78,02
11 Cádiz;Ambos sexos;2003;77,69
11 Cádiz;Ambos sexos;2002;77,88
11 Cádiz;Ambos sexos;2001;77,84
11 Cádiz;Ambos sexos;2000;77,32
11 Cádiz;Ambos sexos;1999;76,93
11 Cádiz;Ambos sexos;1998;76,89
11 Cádiz;Ambos sexos;1997;76,77
11 Cádiz;Ambos sexos;1996;76,19
39 Cantabria;Ambos sexos;2023;84,20
39 Cantabria;Ambos sexos;2022;83,06
39 Cantabria;Ambos sexos;2021;83,63
39 Cantabria;Ambos sexos;2020;83,00
39 Cantabria;Ambos sexos;2019;83,58
39 Cantabria;Ambos sexos;2018;83,33
39 Cantabria;Ambos sexos;2017;83,31
39 Cantabria;Ambos sexos;2016;83,14
39 Cantabria;Ambos sexos;2015;82,69
39 Cantabria;Ambos sexos;2014;82,78
39 Cantabria;Ambos sexos;2013;82,96
39 Cantabria;Ambos sexos;2012;82,54
39 Cantabria;Ambos sexos;2011;82,42
39 Cantabria;Ambos sexos;2010;82,06
39 Cantabria;Ambos sexos;2009;81,96
39 Cantabria;Ambos sexos;2008;81,62
39 Cantabria;Ambos sexos;2007;80,99
39 Cantabria;Ambos sexos;2006;80,99
39 Cantabria;Ambos sexos;2005;81,07
39 Cantabria;Ambos sexos;2004;80,82
39 Cantabria;Ambos sexos;2003;80,39
39 Cantabria;Ambos sexos;2002;80,11
39 Cantabria;Ambos sexos;2001;80,27
39 Cantabria;Ambos sexos;2000;79,35
39 Cantabria;Ambos sexos;1999;79,23
39 Cantabria;Ambos sexos;1998;79,55
39 Cantabria;Ambos sexos;1997;78,80
39 Cantabria;Ambos sexos;1996;78,57
12 Castellón/Castelló;Ambos sexos;2023;83,29
12 Castellón/Castelló;Ambos sexos;2022;82,57
12 Castellón/Castelló;Ambos sexos;2021;82,15
12 Castellón/Castelló;Ambos sexos;2020;82,70
12 Castellón/Castelló;Ambos sexos;2019;82,83
12 Castellón/Castelló;Ambos sexos;2018;82,40
12 Castellón/Castelló;Ambos sexos;2017;82,72
12 Castellón/Castelló;Ambos sexos;2016;82,68
12 Castellón/Castelló;Ambos sexos;2015;82,32
12 Castellón/Castelló;Ambos sexos;2014;82,41
12 Castellón/Castelló;Ambos sexos;2013;82,43
12 Castellón/Castelló;Ambos sexos;2012;82,48
12 Castellón/Castelló;Ambos sexos;2011;81,91
12 Castellón/Castelló;Ambos sexos;2010;81,91
12 Castellón/Castelló;Ambos sexos;2009;80,94
12 Castellón/Castelló;Ambos sexos;2008;80,98
12 Castellón/Castelló;Ambos sexos;2007;80,66
12 Castellón/Castelló;Ambos sexos;2006;80,46
12 Castellón/Castelló;Ambos sexos;2005;79,68
12 Castellón/Castelló;Ambos sexos;2004;80,07
12 Castellón/Castelló;Ambos sexos;2003;79,35
12 Castellón/Castelló;Ambos sexos;2002;79,29
12 Castellón/Castelló;Ambos sexos;2001;78,98
12 Castellón/Castelló;Ambos sexos;2000;79,17
12 Castellón/Castelló;Ambos sexos;1999;78,41
12 Castellón/Castelló;Ambos sexos;1998;78,40
12 Castellón/Castelló;Ambos sexos;1997;78,29
12 Castellón/Castelló;Ambos sexos;1996;77,71
13 Ciudad Real;Ambos sexos;2023;83,05
13 Ciudad Real;Ambos sexos;2022;82,95
13 Ciudad Real;Ambos sexos;2021;82,44
13 Ciudad Real;Ambos sexos;2020;80,36
13 Ciudad Real;Ambos sexos;2019;82,98
13 Ciudad Real;Ambos sexos;2018;82,87
13 Ciudad Real;Ambos sexos;2017;82,37
13 Ciudad Real;Ambos sexos;2016;82,68
13 Ciudad Real;Ambos sexos;2015;82,09
13 Ciudad Real;Ambos sexos;2014;82,63
13 Ciudad Real;Ambos sexos;2013;82,43
13 Ciudad Real;Ambos sexos;2012;81,89
13 Ciudad Real;Ambos sexos;2011;81,96
13 Ciudad Real;Ambos sexos;2010;82,11
13 Ciudad Real;Ambos sexos;2009;81,49
13 Ciudad Real;Ambos sexos;2008;80,85
13 Ciudad Real;Ambos sexos;2007;80,70
13 Ciudad Real;Ambos sexos;2006;80,76
13 Ciudad Real;Ambos sexos;2005;79,89
13 Ciudad Real;Ambos sexos;2004;79,90
13 Ciudad Real;Ambos sexos;2003;79,55
13 Ciudad Real;Ambos sexos;2002;79,18
13 Ciudad Real;Ambos sexos;2001;79,49
13 Ciudad Real;Ambos sexos;2000;79,56
13 Ciudad Real;Ambos sexos;1999;78,69
13 Ciudad Real;Ambos sexos;1998;78,69
13 Ciudad Real;Ambos sexos;1997;78,93
13 Ciudad Real;Ambos sexos;1996;78,16
14 Córdoba;Ambos sexos;2023;82,63
14 Córdoba;Ambos sexos;2022;81,94
14 Córdoba;Ambos sexos;2021;82,12
14 Córdoba;Ambos sexos;2020;82,25
14 Córdoba;Ambos sexos;2019;82,75
14 Córdoba;Ambos sexos;2018;82,51
14 Córdoba;Ambos sexos;2017;82,22
14 Córdoba;Ambos sexos;2016;82,49
14 Córdoba;Ambos sexos;2015;82,01
14 Córdoba;Ambos sexos;2014;82,39
14 Córdoba;Ambos sexos;2013;82,11
14 Córdoba;Ambos sexos;2012;81,46
14 Córdoba;Ambos sexos;2011;81,67
14 Córdoba;Ambos sexos;2010;81,55
14 Córdoba;Ambos sexos;2009;81,06
14 Córdoba;Ambos sexos;2008;80,74
14 Córdoba;Ambos sexos;2007;80,38
14 Córdoba;Ambos sexos;2006;80,49
14 Córdoba;Ambos sexos;2005;79,65
14 Córdoba;Ambos sexos;2004;79,76
14 Córdoba;Ambos sexos;2003;79,20
14 Córdoba;Ambos sexos;2002;79,06
14 Córdoba;Ambos sexos;2001;79,32
14 Córdoba;Ambos sexos;2000;79,20
14 Córdoba;Ambos sexos;1999;78,55
14 Córdoba;Ambos sexos;1998;78,28
14 Córdoba;Ambos sexos;1997;78,80
14 Córdoba;Ambos sexos;1996;78,09
15 Coruña, A;Ambos sexos;2023;83,72
15 Coruña, A;Ambos sexos;2022;83,11
15 Coruña, A;Ambos sexos;2021;83,14
15 Coruña, A;Ambos sexos;2020;83,43
15 Coruña, A;Ambos sexos;2019;83,35
15 Coruña, A;Ambos sexos;2018;82,76
15 Coruña, A;Ambos sexos;2017;82,92
15 Coruña, A;Ambos sexos;2016;82,53
15 Coruña, A;Ambos sexos;2015;82,32
15 Coruña, A;Ambos sexos;2014;82,62
15 Coruña, A;Ambos sexos;2013;82,34
15 Coruña, A;Ambos sexos;2012;82,22
15 Coruña, A;Ambos sexos;2011;81,96
15 Coruña, A;Ambos sexos;2010;81,69
15 Coruña, A;Ambos sexos;2009;81,16
15 Coruña, A;Ambos sexos;2008;81,07
15 Coruña, A;Ambos sexos;2007;80,54
15 Coruña, A;Ambos sexos;2006;80,66
15 Coruña, A;Ambos sexos;2005;80,29
15 Coruña, A;Ambos sexos;2004;80,33
15 Coruña, A;Ambos sexos;2003;79,56
15 Coruña, A;Ambos sexos;2002;80,03
15 Coruña, A;Ambos sexos;2001;79,75
15 Coruña, A;Ambos sexos;2000;79,10
15 Coruña, A;Ambos sexos;1999;78,78
15 Coruña, A;Ambos sexos;1998;78,86
15 Coruña, A;Ambos sexos;1997;78,52
15 Coruña, A;Ambos sexos;1996;77,62
16 Cuenca;Ambos sexos;2023;83,30
16 Cuenca;Ambos sexos;2022;83,09
16 Cuenca;Ambos sexos;2021;83,36
16 Cuenca;Ambos sexos;2020;80,78
16 Cuenca;Ambos sexos;2019;83,62
16 Cuenca;Ambos sexos;2018;83,28
16 Cuenca;Ambos sexos;2017;83,24
16 Cuenca;Ambos sexos;2016;83,18
16 Cuenca;Ambos sexos;2015;82,87
16 Cuenca;Ambos sexos;2014;83,37
16 Cuenca;Ambos sexos;2013;82,51
16 Cuenca;Ambos sexos;2012;82,11
16 Cuenca;Ambos sexos;2011;83,09
16 Cuenca;Ambos sexos;2010;82,87
16 Cuenca;Ambos sexos;2009;83,13
16 Cuenca;Ambos sexos;2008;82,01
16 Cuenca;Ambos sexos;2007;82,20
16 Cuenca;Ambos sexos;2006;82,16
16 Cuenca;Ambos sexos;2005;81,66
16 Cuenca;Ambos sexos;2004;81,62
16 Cuenca;Ambos sexos;2003;81,51
16 Cuenca;Ambos sexos;2002;80,92
16 Cuenca;Ambos sexos;2001;80,88
16 Cuenca;Ambos sexos;2000;81,16
16 Cuenca;Ambos sexos;1999;80,49
16 Cuenca;Ambos sexos;1998;80,60
16 Cuenca;Ambos sexos;1997;80,41
16 Cuenca;Ambos sexos;1996;79,53
20 Gipuzkoa;Ambos sexos;2023;84,15
20 Gipuzkoa;Ambos sexos;2022;83,39
20 Gipuzkoa;Ambos sexos;2021;83,47
20 Gipuzkoa;Ambos sexos;2020;83,33
20 Gipuzkoa;Ambos sexos;2019;84,17
20 Gipuzkoa;Ambos sexos;2018;83,65
20 Gipuzkoa;Ambos sexos;2017;83,48
20 Gipuzkoa;Ambos sexos;2016;83,60
20 Gipuzkoa;Ambos sexos;2015;83,10
20 Gipuzkoa;Ambos sexos;2014;83,30
20 Gipuzkoa;Ambos sexos;2013;83,04
20 Gipuzkoa;Ambos sexos;2012;82,86
20 Gipuzkoa;Ambos sexos;2011;82,74
20 Gipuzkoa;Ambos sexos;2010;82,74
20 Gipuzkoa;Ambos sexos;2009;82,22
20 Gipuzkoa;Ambos sexos;2008;81,83
20 Gipuzkoa;Ambos sexos;2007;81,34
20 Gipuzkoa;Ambos sexos;2006;81,83
20 Gipuzkoa;Ambos sexos;2005;81,22
20 Gipuzkoa;Ambos sexos;2004;80,92
20 Gipuzkoa;Ambos sexos;2003;80,39
20 Gipuzkoa;Ambos sexos;2002;80,17
20 Gipuzkoa;Ambos sexos;2001;80,18
20 Gipuzkoa;Ambos sexos;2000;79,91
20 Gipuzkoa;Ambos sexos;1999;79,38
20 Gipuzkoa;Ambos sexos;1998;78,83
20 Gipuzkoa;Ambos sexos;1997;78,95
20 Gipuzkoa;Ambos sexos;1996;78,00
17 Girona;Ambos sexos;2023;83,50
17 Girona;Ambos sexos;2022;83,02
17 Girona;Ambos sexos;2021;83,02
17 Girona;Ambos sexos;2020;82,63
17 Girona;Ambos sexos;2019;83,15
17 Girona;Ambos sexos;2018;83,13
17 Girona;Ambos sexos;2017;83,12
17 Girona;Ambos sexos;2016;83,29
17 Girona;Ambos sexos;2015;82,74
17 Girona;Ambos sexos;2014;82,86
17 Girona;Ambos sexos;2013;83,00
17 Girona;Ambos sexos;2012;82,35
17 Girona;Ambos sexos;2011;82,58
17 Girona;Ambos sexos;2010;82,25
17 Girona;Ambos sexos;2009;81,84
17 Girona;Ambos sexos;2008;81,76
17 Girona;Ambos sexos;2007;81,56
17 Girona;Ambos sexos;2006;81,39
17 Girona;Ambos sexos;2005;80,62
17 Girona;Ambos sexos;2004;80,57
17 Girona;Ambos sexos;2003;80,03
17 Girona;Ambos sexos;2002;79,89
17 Girona;Ambos sexos;2001;79,79
17 Girona;Ambos sexos;2000;79,76
17 Girona;Ambos sexos;1999;79,17
17 Girona;Ambos sexos;1998;79,56
17 Girona;Ambos sexos;1997;79,09
17 Girona;Ambos sexos;1996;78,72
18 Granada;Ambos sexos;2023;82,94
18 Granada;Ambos sexos;2022;82,67
18 Granada;Ambos sexos;2021;81,80
18 Granada;Ambos sexos;2020;81,40
18 Granada;Ambos sexos;2019;82,43
18 Granada;Ambos sexos;2018;81,83
18 Granada;Ambos sexos;2017;82,13
18 Granada;Ambos sexos;2016;82,21
18 Granada;Ambos sexos;2015;81,40
18 Granada;Ambos sexos;2014;81,94
18 Granada;Ambos sexos;2013;81,94
18 Granada;Ambos sexos;2012;81,16
18 Granada;Ambos sexos;2011;81,06
18 Granada;Ambos sexos;2010;80,77
18 Granada;Ambos sexos;2009;80,39
18 Granada;Ambos sexos;2008;80,19
18 Granada;Ambos sexos;2007;79,58
18 Granada;Ambos sexos;2006;79,73
18 Granada;Ambos sexos;2005;79,16
18 Granada;Ambos sexos;2004;79,06
18 Granada;Ambos sexos;2003;78,76
18 Granada;Ambos sexos;2002;78,70
18 Granada;Ambos sexos;2001;78,92
18 Granada;Ambos sexos;2000;78,33
18 Granada;Ambos sexos;1999;77,55
18 Granada;Ambos sexos;1998;77,74
18 Granada;Ambos sexos;1997;77,99
18 Granada;Ambos sexos;1996;77,65
19 Guadalajara;Ambos sexos;2023;84,71
19 Guadalajara;Ambos sexos;2022;83,72
19 Guadalajara;Ambos sexos;2021;83,86
19 Guadalajara;Ambos sexos;2020;82,29
19 Guadalajara;Ambos sexos;2019;84,73
19 Guadalajara;Ambos sexos;2018;84,21
19 Guadalajara;Ambos sexos;2017;84,06
19 Guadalajara;Ambos sexos;2016;83,89
19 Guadalajara;Ambos sexos;2015;83,66
19 Guadalajara;Ambos sexos;2014;84,36
19 Guadalajara;Ambos sexos;2013;84,53
19 Guadalajara;Ambos sexos;2012;83,77
19 Guadalajara;Ambos sexos;2011;83,61
19 Guadalajara;Ambos sexos;2010;83,76
19 Guadalajara;Ambos sexos;2009;83,74
19 Guadalajara;Ambos sexos;2008;83,22
19 Guadalajara;Ambos sexos;2007;82,39
19 Guadalajara;Ambos sexos;2006;83,12
19 Guadalajara;Ambos sexos;2005;82,25
19 Guadalajara;Ambos sexos;2004;81,69
19 Guadalajara;Ambos sexos;2003;82,35
19 Guadalajara;Ambos sexos;2002;81,59
19 Guadalajara;Ambos sexos;2001;81,09
19 Guadalajara;Ambos sexos;2000;81,72
19 Guadalajara;Ambos sexos;1999;81,25
19 Guadalajara;Ambos sexos;1998;81,24
19 Guadalajara;Ambos sexos;1997;81,46
19 Guadalajara;Ambos sexos;1996;80,23
21 Huelva;Ambos sexos;2023;81,83
21 Huelva;Ambos sexos;2022;81,59
21 Huelva;Ambos sexos;2021;81,16
21 Huelva;Ambos sexos;2020;81,43
21 Huelva;Ambos sexos;2019;81,84
21 Huelva;Ambos sexos;2018;81,50
21 Huelva;Ambos sexos;2017;81,71
21 Huelva;Ambos sexos;2016;81,39
21 Huelva;Ambos sexos;2015;81,37
21 Huelva;Ambos sexos;2014;81,24
21 Huelva;Ambos sexos;2013;80,72
21 Huelva;Ambos sexos;2012;80,04
21 Huelva;Ambos sexos;2011;80,62
21 Huelva;Ambos sexos;2010;80,60
21 Huelva;Ambos sexos;2009;80,21
21 Huelva;Ambos sexos;2008;79,72
21 Huelva;Ambos sexos;2007;79,01
21 Huelva;Ambos sexos;2006;79,41
21 Huelva;Ambos sexos;2005;78,76
21 Huelva;Ambos sexos;2004;78,95
21 Huelva;Ambos sexos;2003;78,28
21 Huelva;Ambos sexos;2002;78,46
21 Huelva;Ambos sexos;2001;78,09
21 Huelva;Ambos sexos;2000;77,94
21 Huelva;Ambos sexos;1999;77,63
21 Huelva;Ambos sexos;1998;77,45
21 Huelva;Ambos sexos;1997;77,45
21 Huelva;Ambos sexos;1996;76,96
22 Huesca;Ambos sexos;2023;84,41
22 Huesca;Ambos sexos;2022;82,94
22 Huesca;Ambos sexos;2021;83,69
22 Huesca;Ambos sexos;2020;82,92
22 Huesca;Ambos sexos;2019;84,14
22 Huesca;Ambos sexos;2018;83,35
22 Huesca;Ambos sexos;2017;83,20
22 Huesca;Ambos sexos;2016;83,00
22 Huesca;Ambos sexos;2015;82,78
22 Huesca;Ambos sexos;2014;83,25
22 Huesca;Ambos sexos;2013;83,43
22 Huesca;Ambos sexos;2012;82,76
22 Huesca;Ambos sexos;2011;82,74
22 Huesca;Ambos sexos;2010;82,19
22 Huesca;Ambos sexos;2009;82,13
22 Huesca;Ambos sexos;2008;82,54
22 Huesca;Ambos sexos;2007;82,37
22 Huesca;Ambos sexos;2006;81,58
22 Huesca;Ambos sexos;2005;81,22
22 Huesca;Ambos sexos;2004;81,03
22 Huesca;Ambos sexos;2003;80,80
22 Huesca;Ambos sexos;2002;80,39
22 Huesca;Ambos sexos;2001;80,23
22 Huesca;Ambos sexos;2000;80,60
22 Huesca;Ambos sexos;1999;79,31
22 Huesca;Ambos sexos;1998;79,82
22 Huesca;Ambos sexos;1997;79,67
22 Huesca;Ambos sexos;1996;78,86
23 Jaén;Ambos sexos;2023;82,68
23 Jaén;Ambos sexos;2022;81,72
23 Jaén;Ambos sexos;2021;81,80
23 Jaén;Ambos sexos;2020;81,35
23 Jaén;Ambos sexos;2019;82,28
23 Jaén;Ambos sexos;2018;81,92
23 Jaén;Ambos sexos;2017;82,09
23 Jaén;Ambos sexos;2016;81,96
23 Jaén;Ambos sexos;2015;81,57
23 Jaén;Ambos sexos;2014;81,94
23 Jaén;Ambos sexos;2013;81,73
23 Jaén;Ambos sexos;2012;81,35
23 Jaén;Ambos sexos;2011;80,97
23 Jaén;Ambos sexos;2010;81,32
23 Jaén;Ambos sexos;2009;80,33
23 Jaén;Ambos sexos;2008;80,28
23 Jaén;Ambos sexos;2007;79,80
23 Jaén;Ambos sexos;2006;80,34
23 Jaén;Ambos sexos;2005;79,47
23 Jaén;Ambos sexos;2004;79,36
23 Jaén;Ambos sexos;2003;79,02
23 Jaén;Ambos sexos;2002;79,24
23 Jaén;Ambos sexos;2001;79,11
23 Jaén;Ambos sexos;2000;78,61
23 Jaén;Ambos sexos;1999;78,39
23 Jaén;Ambos sexos;1998;78,04
23 Jaén;Ambos sexos;1997;78,38
23 Jaén;Ambos sexos;1996;78,29
24 León;Ambos sexos;2023;84,20
24 León;Ambos sexos;2022;83,29
24 León;Ambos sexos;2021;83,49
24 León;Ambos sexos;2020;82,48
24 León;Ambos sexos;2019;83,62
24 León;Ambos sexos;2018;83,56
24 León;Ambos sexos;2017;83,69
24 León;Ambos sexos;2016;83,48
24 León;Ambos sexos;2015;83,26
24 León;Ambos sexos;2014;83,12
24 León;Ambos sexos;2013;82,73
24 León;Ambos sexos;2012;82,91
24 León;Ambos sexos;2011;82,97
24 León;Ambos sexos;2010;82,58
24 León;Ambos sexos;2009;82,57
24 León;Ambos sexos;2008;81,78
24 León;Ambos sexos;2007;81,18
24 León;Ambos sexos;2006;81,56
24 León;Ambos sexos;2005;81,04
24 León;Ambos sexos;2004;80,94
24 León;Ambos sexos;2003;80,82
24 León;Ambos sexos;2002;80,84
24 León;Ambos sexos;2001;80,45
24 León;Ambos sexos;2000;80,34
24 León;Ambos sexos;1999;80,22
24 León;Ambos sexos;1998;79,88
24 León;Ambos sexos;1997;79,72
24 León;Ambos sexos;1996;79,45
25 Lleida;Ambos sexos;2023;83,65
25 Lleida;Ambos sexos;2022;83,01
25 Lleida;Ambos sexos;2021;82,76
25 Lleida;Ambos sexos;2020;82,28
25 Lleida;Ambos sexos;2019;83,53
25 Lleida;Ambos sexos;2018;83,14
25 Lleida;Ambos sexos;2017;83,12
25 Lleida;Ambos sexos;2016;83,44
25 Lleida;Ambos sexos;2015;82,79
25 Lleida;Ambos sexos;2014;82,92
25 Lleida;Ambos sexos;2013;82,61
25 Lleida;Ambos sexos;2012;82,44
25 Lleida;Ambos sexos;2011;82,08
25 Lleida;Ambos sexos;2010;81,80
25 Lleida;Ambos sexos;2009;81,76
25 Lleida;Ambos sexos;2008;81,63
25 Lleida;Ambos sexos;2007;80,88
25 Lleida;Ambos sexos;2006;80,88
25 Lleida;Ambos sexos;2005;80,15
25 Lleida;Ambos sexos;2004;80,05
25 Lleida;Ambos sexos;2003;79,72
25 Lleida;Ambos sexos;2002;79,55
25 Lleida;Ambos sexos;2001;80,16
25 Lleida;Ambos sexos;2000;79,66
25 Lleida;Ambos sexos;1999;79,25
25 Lleida;Ambos sexos;1998;78,71
25 Lleida;Ambos sexos;1997;78,81
25 Lleida;Ambos sexos;1996;78,76
27 Lugo;Ambos sexos;2023;83,38
27 Lugo;Ambos sexos;2022;83,23
27 Lugo;Ambos sexos;2021;83,38
27 Lugo;Ambos sexos;2020;83,10
27 Lugo;Ambos sexos;2019;83,71
27 Lugo;Ambos sexos;2018;82,91
27 Lugo;Ambos sexos;2017;83,00
27 Lugo;Ambos sexos;2016;82,58
27 Lugo;Ambos sexos;2015;82,39
27 Lugo;Ambos sexos;2014;82,66
27 Lugo;Ambos sexos;2013;82,66
27 Lugo;Ambos sexos;2012;81,92
27 Lugo;Ambos sexos;2011;82,29
27 Lugo;Ambos sexos;2010;82,06
27 Lugo;Ambos sexos;2009;81,25
27 Lugo;Ambos sexos;2008;81,52
27 Lugo;Ambos sexos;2007;81,16
27 Lugo;Ambos sexos;2006;80,81
27 Lugo;Ambos sexos;2005;80,74
27 Lugo;Ambos sexos;2004;80,73
27 Lugo;Ambos sexos;2003;79,58
27 Lugo;Ambos sexos;2002;79,52
27 Lugo;Ambos sexos;2001;79,59
27 Lugo;Ambos sexos;2000;79,21
27 Lugo;Ambos sexos;1999;78,99
27 Lugo;Ambos sexos;1998;78,60
27 Lugo;Ambos sexos;1997;78,50
27 Lugo;Ambos sexos;1996;77,67
28 Madrid;Ambos sexos;2023;85,39
28 Madrid;Ambos sexos;2022;84,76
28 Madrid;Ambos sexos;2021;84,56
28 Madrid;Ambos sexos;2020;82,27
28 Madrid;Ambos sexos;2019;84,93
28 Madrid;Ambos sexos;2018;84,73
28 Madrid;Ambos sexos;2017;84,48
28 Madrid;Ambos sexos;2016;84,50
28 Madrid;Ambos sexos;2015;83,97
28 Madrid;Ambos sexos;2014;84,20
28 Madrid;Ambos sexos;2013;84,13
28 Madrid;Ambos sexos;2012;83,64
28 Madrid;Ambos sexos;2011;83,63
28 Madrid;Ambos sexos;2010;83,39
28 Madrid;Ambos sexos;2009;82,93
28 Madrid;Ambos sexos;2008;82,58
28 Madrid;Ambos sexos;2007;82,08
28 Madrid;Ambos sexos;2006;82,06
28 Madrid;Ambos sexos;2005;81,50
28 Madrid;Ambos sexos;2004;81,24
28 Madrid;Ambos sexos;2003;80,63
28 Madrid;Ambos sexos;2002;80,81
28 Madrid;Ambos sexos;2001;80,58
28 Madrid;Ambos sexos;2000;80,36
28 Madrid;Ambos sexos;1999;80,19
28 Madrid;Ambos sexos;1998;79,93
28 Madrid;Ambos sexos;1997;79,97
28 Madrid;Ambos sexos;1996;79,18
29 Málaga;Ambos sexos;2023;82,90
29 Málaga;Ambos sexos;2022;82,15
29 Málaga;Ambos sexos;2021;81,82
29 Málaga;Ambos sexos;2020;81,97
29 Málaga;Ambos sexos;2019;82,54
29 Málaga;Ambos sexos;2018;81,96
29 Málaga;Ambos sexos;2017;82,22
29 Málaga;Ambos sexos;2016;82,10
29 Málaga;Ambos sexos;2015;81,65
29 Málaga;Ambos sexos;2014;81,64
29 Málaga;Ambos sexos;2013;81,71
29 Málaga;Ambos sexos;2012;81,26
29 Málaga;Ambos sexos;2011;81,21
29 Málaga;Ambos sexos;2010;80,86
29 Málaga;Ambos sexos;2009;80,50
29 Málaga;Ambos sexos;2008;79,89
29 Málaga;Ambos sexos;2007;79,66
29 Málaga;Ambos sexos;2006;79,52
29 Málaga;Ambos sexos;2005;78,86
29 Málaga;Ambos sexos;2004;78,98
29 Málaga;Ambos sexos;2003;78,26
29 Málaga;Ambos sexos;2002;78,52
29 Málaga;Ambos sexos;2001;78,26
29 Málaga;Ambos sexos;2000;78,00
29 Málaga;Ambos sexos;1999;77,64
29 Málaga;Ambos sexos;1998;77,61
29 Málaga;Ambos sexos;1997;77,33
29 Málaga;Ambos sexos;1996;76,78
30 Murcia;Ambos sexos;2023;82,82
30 Murcia;Ambos sexos;2022;82,05
30 Murcia;Ambos sexos;2021;82,21
30 Murcia;Ambos sexos;2020;82,26
30 Murcia;Ambos sexos;2019;82,62
30 Murcia;Ambos sexos;2018;82,64
30 Murcia;Ambos sexos;2017;82,40
30 Murcia;Ambos sexos;2016;82,51
30 Murcia;Ambos sexos;2015;82,21
30 Murcia;Ambos sexos;2014;82,47
30 Murcia;Ambos sexos;2013;82,27
30 Murcia;Ambos sexos;2012;81,72
30 Murcia;Ambos sexos;2011;81,71
30 Murcia;Ambos sexos;2010;81,62
30 Murcia;Ambos sexos;2009;80,90
30 Murcia;Ambos sexos;2008;80,43
30 Murcia;Ambos sexos;2007;80,30
30 Murcia;Ambos sexos;2006;80,27
30 Murcia;Ambos sexos;2005;79,71
30 Murcia;Ambos sexos;2004;79,54
30 Murcia;Ambos sexos;2003;79,11
30 Murcia;Ambos sexos;2002;78,96
30 Murcia;Ambos sexos;2001;78,95
30 Murcia;Ambos sexos;2000;78,42
30 Murcia;Ambos sexos;1999;77,90
30 Murcia;Ambos sexos;1998;78,22
30 Murcia;Ambos sexos;1997;78,06
30 Murcia;Ambos sexos;1996;78,05
31 Navarra;Ambos sexos;2023;84,79
31 Navarra;Ambos sexos;2022;83,85
31 Navarra;Ambos sexos;2021;84,26
31 Navarra;Ambos sexos;2020;83,33
31 Navarra;Ambos sexos;2019;84,55
31 Navarra;Ambos sexos;2018;84,14
31 Navarra;Ambos sexos;2017;83,80
31 Navarra;Ambos sexos;2016;83,81
31 Navarra;Ambos sexos;2015;83,75
31 Navarra;Ambos sexos;2014;83,45
31 Navarra;Ambos sexos;2013;83,49
31 Navarra;Ambos sexos;2012;83,42
31 Navarra;Ambos sexos;2011;83,47
31 Navarra;Ambos sexos;2010;83,68
31 Navarra;Ambos sexos;2009;82,90
31 Navarra;Ambos sexos;2008;82,29
31 Navarra;Ambos sexos;2007;82,20
31 Navarra;Ambos sexos;2006;82,02
31 Navarra;Ambos sexos;2005;81,62
31 Navarra;Ambos sexos;2004;81,46
31 Navarra;Ambos sexos;2003;80,91
31 Navarra;Ambos sexos;2002;80,83
31 Navarra;Ambos sexos;2001;81,01
31 Navarra;Ambos sexos;2000;80,40
31 Navarra;Ambos sexos;1999;80,15
31 Navarra;Ambos sexos;1998;79,97
31 Navarra;Ambos sexos;1997;80,06
31 Navarra;Ambos sexos;1996;79,44
32 Ourense;Ambos sexos;2023;83,51
32 Ourense;Ambos sexos;2022;83,58
32 Ourense;Ambos sexos;2021;83,52
32 Ourense;Ambos sexos;2020;83,06
32 Ourense;Ambos sexos;2019;83,57
32 Ourense;Ambos sexos;2018;83,30
32 Ourense;Ambos sexos;2017;83,77
32 Ourense;Ambos sexos;2016;83,04
32 Ourense;Ambos sexos;2015;83,20
32 Ourense;Ambos sexos;2014;83,66
32 Ourense;Ambos sexos;2013;82,63
32 Ourense;Ambos sexos;2012;82,39
32 Ourense;Ambos sexos;2011;81,90
32 Ourense;Ambos sexos;2010;82,22
32 Ourense;Ambos sexos;2009;82,24
32 Ourense;Ambos sexos;2008;81,43
32 Ourense;Ambos sexos;2007;81,46
32 Ourense;Ambos sexos;2006;81,18
32 Ourense;Ambos sexos;2005;81,03
32 Ourense;Ambos sexos;2004;81,32
32 Ourense;Ambos sexos;2003;80,50
32 Ourense;Ambos sexos;2002;80,70
32 Ourense;Ambos sexos;2001;80,67
32 Ourense;Ambos sexos;2000;79,90
32 Ourense;Ambos sexos;1999;80,06
32 Ourense;Ambos sexos;1998;79,23
32 Ourense;Ambos sexos;1997;79,17
32 Ourense;Ambos sexos;1996;78,34
34 Palencia;Ambos sexos;2023;84,04
34 Palencia;Ambos sexos;2022;82,27
34 Palencia;Ambos sexos;2021;82,48
34 Palencia;Ambos sexos;2020;81,17
34 Palencia;Ambos sexos;2019;83,30
34 Palencia;Ambos sexos;2018;82,85
34 Palencia;Ambos sexos;2017;83,16
34 Palencia;Ambos sexos;2016;83,15
34 Palencia;Ambos sexos;2015;83,00
34 Palencia;Ambos sexos;2014;82,18
34 Palencia;Ambos sexos;2013;83,18
34 Palencia;Ambos sexos;2012;82,40
34 Palencia;Ambos sexos;2011;82,29
34 Palencia;Ambos sexos;2010;81,93
34 Palencia;Ambos sexos;2009;81,32
34 Palencia;Ambos sexos;2008;82,22
34 Palencia;Ambos sexos;2007;80,96
34 Palencia;Ambos sexos;2006;81,13
34 Palencia;Ambos sexos;2005;80,74
34 Palencia;Ambos sexos;2004;81,07
34 Palencia;Ambos sexos;2003;80,27
34 Palencia;Ambos sexos;2002;80,00
34 Palencia;Ambos sexos;2001;80,06
34 Palencia;Ambos sexos;2000;79,47
34 Palencia;Ambos sexos;1999;78,99
34 Palencia;Ambos sexos;1998;79,28
34 Palencia;Ambos sexos;1997;79,28
34 Palencia;Ambos sexos;1996;78,64
35 Palmas, Las;Ambos sexos;2023;82,08
35 Palmas, Las;Ambos sexos;2022;81,56
35 Palmas, Las;Ambos sexos;2021;81,92
35 Palmas, Las;Ambos sexos;2020;81,90
35 Palmas, Las;Ambos sexos;2019;82,27
35 Palmas, Las;Ambos sexos;2018;81,69
35 Palmas, Las;Ambos sexos;2017;81,99
35 Palmas, Las;Ambos sexos;2016;81,85
35 Palmas, Las;Ambos sexos;2015;81,62
35 Palmas, Las;Ambos sexos;2014;81,74
35 Palmas, Las;Ambos sexos;2013;81,69
35 Palmas, Las;Ambos sexos;2012;81,25
35 Palmas, Las;Ambos sexos;2011;81,26
35 Palmas, Las;Ambos sexos;2010;81,28
35 Palmas, Las;Ambos sexos;2009;80,85
35 Palmas, Las;Ambos sexos;2008;79,34
35 Palmas, Las;Ambos sexos;2007;79,90
35 Palmas, Las;Ambos sexos;2006;79,45
35 Palmas, Las;Ambos sexos;2005;78,82
35 Palmas, Las;Ambos sexos;2004;78,62
35 Palmas, Las;Ambos sexos;2003;78,21
35 Palmas, Las;Ambos sexos;2002;77,87
35 Palmas, Las;Ambos sexos;2001;77,57
35 Palmas, Las;Ambos sexos;2000;77,00
35 Palmas, Las;Ambos sexos;1999;76,70
35 Palmas, Las;Ambos sexos;1998;77,08
35 Palmas, Las;Ambos sexos;1997;77,24
35 Palmas, Las;Ambos sexos;1996;76,95
36 Pontevedra;Ambos sexos;2023;83,62
36 Pontevedra;Ambos sexos;2022;83,26
36 Pontevedra;Ambos sexos;2021;83,65
36 Pontevedra;Ambos sexos;2020;83,40
36 Pontevedra;Ambos sexos;2019;83,59
36 Pontevedra;Ambos sexos;2018;83,44
36 Pontevedra;Ambos sexos;2017;83,02
36 Pontevedra;Ambos sexos;2016;82,65
36 Pontevedra;Ambos sexos;2015;82,78
36 Pontevedra;Ambos sexos;2014;83,07
36 Pontevedra;Ambos sexos;2013;82,79
36 Pontevedra;Ambos sexos;2012;82,20
36 Pontevedra;Ambos sexos;2011;82,18
36 Pontevedra;Ambos sexos;2010;81,97
36 Pontevedra;Ambos sexos;2009;81,53
36 Pontevedra;Ambos sexos;2008;81,39
36 Pontevedra;Ambos sexos;2007;80,90
36 Pontevedra;Ambos sexos;2006;80,73
36 Pontevedra;Ambos sexos;2005;80,41
36 Pontevedra;Ambos sexos;2004;80,56
36 Pontevedra;Ambos sexos;2003;79,95
36 Pontevedra;Ambos sexos;2002;79,78
36 Pontevedra;Ambos sexos;2001;79,71
36 Pontevedra;Ambos sexos;2000;79,18
36 Pontevedra;Ambos sexos;1999;79,16
36 Pontevedra;Ambos sexos;1998;78,84
36 Pontevedra;Ambos sexos;1997;78,39
36 Pontevedra;Ambos sexos;1996;77,80
26 Rioja, La;Ambos sexos;2023;84,17
26 Rioja, La;Ambos sexos;2022;83,20
26 Rioja, La;Ambos sexos;2021;83,27
26 Rioja, La;Ambos sexos;2020;82,50
26 Rioja, La;Ambos sexos;2019;83,83
26 Rioja, La;Ambos sexos;2018;83,63
26 Rioja, La;Ambos sexos;2017;83,61
26 Rioja, La;Ambos sexos;2016;83,80
26 Rioja, La;Ambos sexos;2015;83,37
26 Rioja, La;Ambos sexos;2014;83,78
26 Rioja, La;Ambos sexos;2013;83,61
26 Rioja, La;Ambos sexos;2012;82,66
26 Rioja, La;Ambos sexos;2011;82,85
26 Rioja, La;Ambos sexos;2010;82,95
26 Rioja, La;Ambos sexos;2009;82,52
26 Rioja, La;Ambos sexos;2008;81,93
26 Rioja, La;Ambos sexos;2007;81,49
26 Rioja, La;Ambos sexos;2006;81,88
26 Rioja, La;Ambos sexos;2005;80,97
26 Rioja, La;Ambos sexos;2004;81,35
26 Rioja, La;Ambos sexos;2003;80,60
26 Rioja, La;Ambos sexos;2002;80,48
26 Rioja, La;Ambos sexos;2001;80,55
26 Rioja, La;Ambos sexos;2000;80,43
26 Rioja, La;Ambos sexos;1999;79,45
26 Rioja, La;Ambos sexos;1998;79,66
26 Rioja, La;Ambos sexos;1997;79,85
26 Rioja, La;Ambos sexos;1996;79,16
37 Salamanca;Ambos sexos;2023;85,40
37 Salamanca;Ambos sexos;2022;84,12
37 Salamanca;Ambos sexos;2021;84,73
37 Salamanca;Ambos sexos;2020;82,53
37 Salamanca;Ambos sexos;2019;84,69
37 Salamanca;Ambos sexos;2018;84,68
37 Salamanca;Ambos sexos;2017;84,41
37 Salamanca;Ambos sexos;2016;84,47
37 Salamanca;Ambos sexos;2015;84,58
37 Salamanca;Ambos sexos;2014;84,58
37 Salamanca;Ambos sexos;2013;84,31
37 Salamanca;Ambos sexos;2012;83,77
37 Salamanca;Ambos sexos;2011;83,94
37 Salamanca;Ambos sexos;2010;83,68
37 Salamanca;Ambos sexos;2009;82,96
37 Salamanca;Ambos sexos;2008;82,79
37 Salamanca;Ambos sexos;2007;82,60
37 Salamanca;Ambos sexos;2006;82,75
37 Salamanca;Ambos sexos;2005;82,24
37 Salamanca;Ambos sexos;2004;82,48
37 Salamanca;Ambos sexos;2003;80,85
37 Salamanca;Ambos sexos;2002;80,85
37 Salamanca;Ambos sexos;2001;81,42
37 Salamanca;Ambos sexos;2000;80,94
37 Salamanca;Ambos sexos;1999;80,22
37 Salamanca;Ambos sexos;1998;79,99
37 Salamanca;Ambos sexos;1997;80,08
37 Salamanca;Ambos sexos;1996;79,68
38 Santa Cruz de Tenerife;Ambos sexos;2023;82,85
38 Santa Cruz de Tenerife;Ambos sexos;2022;82,01
38 Santa Cruz de Tenerife;Ambos sexos;2021;82,30
38 Santa Cruz de Tenerife;Ambos sexos;2020;82,63
38 Santa Cruz de Tenerife;Ambos sexos;2019;82,56
38 Santa Cruz de Tenerife;Ambos sexos;2018;81,90
38 Santa Cruz de Tenerife;Ambos sexos;2017;82,27
38 Santa Cruz de Tenerife;Ambos sexos;2016;82,10
38 Santa Cruz de Tenerife;Ambos sexos;2015;81,75
38 Santa Cruz de Tenerife;Ambos sexos;2014;81,95
38 Santa Cruz de Tenerife;Ambos sexos;2013;82,25
38 Santa Cruz de Tenerife;Ambos sexos;2012;81,57
38 Santa Cruz de Tenerife;Ambos sexos;2011;81,31
38 Santa Cruz de Tenerife;Ambos sexos;2010;81,48
38 Santa Cruz de Tenerife;Ambos sexos;2009;80,97
38 Santa Cruz de Tenerife;Ambos sexos;2008;80,25
38 Santa Cruz de Tenerife;Ambos sexos;2007;79,62
38 Santa Cruz de Tenerife;Ambos sexos;2006;79,73
38 Santa Cruz de Tenerife;Ambos sexos;2005;79,38
38 Santa Cruz de Tenerife;Ambos sexos;2004;78,88
38 Santa Cruz de Tenerife;Ambos sexos;2003;79,00
38 Santa Cruz de Tenerife;Ambos sexos;2002;79,34
38 Santa Cruz de Tenerife;Ambos sexos;2001;78,56
38 Santa Cruz de Tenerife;Ambos sexos;2000;78,01
38 Santa Cruz de Tenerife;Ambos sexos;1999;78,18
38 Santa Cruz de Tenerife;Ambos sexos;1998;77,52
38 Santa Cruz de Tenerife;Ambos sexos;1997;77,94
38 Santa Cruz de Tenerife;Ambos sexos;1996;77,34
40 Segovia;Ambos sexos;2023;83,92
40 Segovia;Ambos sexos;2022;84,41
40 Segovia;Ambos sexos;2021;84,06
40 Segovia;Ambos sexos;2020;81,49
40 Segovia;Ambos sexos;2019;84,70
40 Segovia;Ambos sexos;2018;83,94
40 Segovia;Ambos sexos;2017;83,92
40 Segovia;Ambos sexos;2016;84,01
40 Segovia;Ambos sexos;2015;83,28
40 Segovia;Ambos sexos;2014;84,09
40 Segovia;Ambos sexos;2013;83,76
40 Segovia;Ambos sexos;2012;83,64
40 Segovia;Ambos sexos;2011;83,40
40 Segovia;Ambos sexos;2010;83,35
40 Segovia;Ambos sexos;2009;83,12
40 Segovia;Ambos sexos;2008;82,85
40 Segovia;Ambos sexos;2007;82,47
40 Segovia;Ambos sexos;2006;82,50
40 Segovia;Ambos sexos;2005;81,96
40 Segovia;Ambos sexos;2004;81,28
40 Segovia;Ambos sexos;2003;81,42
40 Segovia;Ambos sexos;2002;81,36
40 Segovia;Ambos sexos;2001;81,70
40 Segovia;Ambos sexos;2000;81,34
40 Segovia;Ambos sexos;1999;80,77
40 Segovia;Ambos sexos;1998;81,14
40 Segovia;Ambos sexos;1997;80,65
40 Segovia;Ambos sexos;1996;80,49
41 Sevilla;Ambos sexos;2023;82,58
41 Sevilla;Ambos sexos;2022;81,74
41 Sevilla;Ambos sexos;2021;81,44
41 Sevilla;Ambos sexos;2020;81,39
41 Sevilla;Ambos sexos;2019;81,99
41 Sevilla;Ambos sexos;2018;81,83
41 Sevilla;Ambos sexos;2017;81,39
41 Sevilla;Ambos sexos;2016;81,73
41 Sevilla;Ambos sexos;2015;81,09
41 Sevilla;Ambos sexos;2014;81,59
41 Sevilla;Ambos sexos;2013;81,36
41 Sevilla;Ambos sexos;2012;80,79
41 Sevilla;Ambos sexos;2011;80,59
41 Sevilla;Ambos sexos;2010;80,38
41 Sevilla;Ambos sexos;2009;80,08
41 Sevilla;Ambos sexos;2008;79,56
41 Sevilla;Ambos sexos;2007;79,41
41 Sevilla;Ambos sexos;2006;79,26
41 Sevilla;Ambos sexos;2005;78,87
41 Sevilla;Ambos sexos;2004;78,65
41 Sevilla;Ambos sexos;2003;78,03
41 Sevilla;Ambos sexos;2002;78,35
41 Sevilla;Ambos sexos;2001;78,20
41 Sevilla;Ambos sexos;2000;78,01
41 Sevilla;Ambos sexos;1999;77,23
41 Sevilla;Ambos sexos;1998;77,22
41 Sevilla;Ambos sexos;1997;77,52
41 Sevilla;Ambos sexos;1996;77,07
42 Soria;Ambos sexos;2023;84,73
42 Soria;Ambos sexos;2022;83,29
42 Soria;Ambos sexos;2021;83,63
42 Soria;Ambos sexos;2020;82,26
42 Soria;Ambos sexos;2019;84,48
42 Soria;Ambos sexos;2018;84,52
42 Soria;Ambos sexos;2017;84,78
42 Soria;Ambos sexos;2016;83,02
42 Soria;Ambos sexos;2015;84,05
42 Soria;Ambos sexos;2014;84,02
42 Soria;Ambos sexos;2013;84,45
42 Soria;Ambos sexos;2012;83,64
42 Soria;Ambos sexos;2011;84,00
42 Soria;Ambos sexos;2010;83,85
42 Soria;Ambos sexos;2009;83,36
42 Soria;Ambos sexos;2008;82,79
42 Soria;Ambos sexos;2007;82,42
42 Soria;Ambos sexos;2006;82,21
42 Soria;Ambos sexos;2005;81,71
42 Soria;Ambos sexos;2004;80,89
42 Soria;Ambos sexos;2003;82,82
42 Soria;Ambos sexos;2002;82,13
42 Soria;Ambos sexos;2001;83,28
42 Soria;Ambos sexos;2000;80,70
42 Soria;Ambos sexos;1999;81,32
42 Soria;Ambos sexos;1998;81,30
42 Soria;Ambos sexos;1997;81,72
42 Soria;Ambos sexos;1996;80,54
43 Tarragona;Ambos sexos;2023;83,24
43 Tarragona;Ambos sexos;2022;82,86
43 Tarragona;Ambos sexos;2021;82,94
43 Tarragona;Ambos sexos;2020;82,20
43 Tarragona;Ambos sexos;2019;83,30
43 Tarragona;Ambos sexos;2018;82,76
43 Tarragona;Ambos sexos;2017;83,03
43 Tarragona;Ambos sexos;2016;82,83
43 Tarragona;Ambos sexos;2015;82,52
43 Tarragona;Ambos sexos;2014;82,85
43 Tarragona;Ambos sexos;2013;82,52
43 Tarragona;Ambos sexos;2012;82,05
43 Tarragona;Ambos sexos;2011;82,24
43 Tarragona;Ambos sexos;2010;82,00
43 Tarragona;Ambos sexos;2009;81,49
43 Tarragona;Ambos sexos;2008;81,13
43 Tarragona;Ambos sexos;2007;80,93
43 Tarragona;Ambos sexos;2006;80,74
43 Tarragona;Ambos sexos;2005;80,04
43 Tarragona;Ambos sexos;2004;80,16
43 Tarragona;Ambos sexos;2003;79,61
43 Tarragona;Ambos sexos;2002;79,53
43 Tarragona;Ambos sexos;2001;79,77
43 Tarragona;Ambos sexos;2000;79,20
43 Tarragona;Ambos sexos;1999;78,55
43 Tarragona;Ambos sexos;1998;79,02
43 Tarragona;Ambos sexos;1997;78,80
43 Tarragona;Ambos sexos;1996;78,72
44 Teruel;Ambos sexos;2023;84,17
44 Teruel;Ambos sexos;2022;83,14
44 Teruel;Ambos sexos;2021;83,69
44 Teruel;Ambos sexos;2020;82,65
44 Teruel;Ambos sexos;2019;84,20
44 Teruel;Ambos sexos;2018;83,57
44 Teruel;Ambos sexos;2017;83,56
44 Teruel;Ambos sexos;2016;83,72
44 Teruel;Ambos sexos;2015;83,01
44 Teruel;Ambos sexos;2014;83,13
44 Teruel;Ambos sexos;2013;83,02
44 Teruel;Ambos sexos;2012;83,10
44 Teruel;Ambos sexos;2011;82,54
44 Teruel;Ambos sexos;2010;82,42
44 Teruel;Ambos sexos;2009;82,22
44 Teruel;Ambos sexos;2008;82,50
44 Teruel;Ambos sexos;2007;81,68
44 Teruel;Ambos sexos;2006;81,87
44 Teruel;Ambos sexos;2005;81,01
44 Teruel;Ambos sexos;2004;81,07
44 Teruel;Ambos sexos;2003;80,68
44 Teruel;Ambos sexos;2002;81,17
44 Teruel;Ambos sexos;2001;80,98
44 Teruel;Ambos sexos;2000;80,60
44 Teruel;Ambos sexos;1999;79,70
44 Teruel;Ambos sexos;1998;79,88
44 Teruel;Ambos sexos;1997;79,11
44 Teruel;Ambos sexos;1996;80,76
45 Toledo;Ambos sexos;2023;84,29
45 Toledo;Ambos sexos;2022;83,77
45 Toledo;Ambos sexos;2021;82,96
45 Toledo;Ambos sexos;2020;81,56
45 Toledo;Ambos sexos;2019;83,79
45 Toledo;Ambos sexos;2018;83,65
45 Toledo;Ambos sexos;2017;82,81
45 Toledo;Ambos sexos;2016;83,55
45 Toledo;Ambos sexos;2015;83,14
45 Toledo;Ambos sexos;2014;83,80
45 Toledo;Ambos sexos;2013;83,46
45 Toledo;Ambos sexos;2012;83,18
45 Toledo;Ambos sexos;2011;83,21
45 Toledo;Ambos sexos;2010;82,83
45 Toledo;Ambos sexos;2009;82,44
45 Toledo;Ambos sexos;2008;81,94
45 Toledo;Ambos sexos;2007;81,31
45 Toledo;Ambos sexos;2006;81,88
45 Toledo;Ambos sexos;2005;80,82
45 Toledo;Ambos sexos;2004;81,06
45 Toledo;Ambos sexos;2003;80,56
45 Toledo;Ambos sexos;2002;80,64
45 Toledo;Ambos sexos;2001;79,98
45 Toledo;Ambos sexos;2000;80,22
45 Toledo;Ambos sexos;1999;79,68
45 Toledo;Ambos sexos;1998;79,95
45 Toledo;Ambos sexos;1997;79,82
45 Toledo;Ambos sexos;1996;79,07
46 Valencia/València;Ambos sexos;2023;82,97
46 Valencia/València;Ambos sexos;2022;82,34
46 Valencia/València;Ambos sexos;2021;82,22
46 Valencia/València;Ambos sexos;2020;82,16
46 Valencia/València;Ambos sexos;2019;82,88
46 Valencia/València;Ambos sexos;2018;82,45
46 Valencia/València;Ambos sexos;2017;82,26
46 Valencia/València;Ambos sexos;2016;82,31
46 Valencia/València;Ambos sexos;2015;81,96
46 Valencia/València;Ambos sexos;2014;82,19
46 Valencia/València;Ambos sexos;2013;82,18
46 Valencia/València;Ambos sexos;2012;81,61
46 Valencia/València;Ambos sexos;2011;81,42
46 Valencia/València;Ambos sexos;2010;81,08
46 Valencia/València;Ambos sexos;2009;80,91
46 Valencia/València;Ambos sexos;2008;80,52
46 Valencia/València;Ambos sexos;2007;80,13
46 Valencia/València;Ambos sexos;2006;80,14
46 Valencia/València;Ambos sexos;2005;79,38
46 Valencia/València;Ambos sexos;2004;79,54
46 Valencia/València;Ambos sexos;2003;78,81
46 Valencia/València;Ambos sexos;2002;78,78
46 Valencia/València;Ambos sexos;2001;78,93
46 Valencia/València;Ambos sexos;2000;78,60
46 Valencia/València;Ambos sexos;1999;77,91
46 Valencia/València;Ambos sexos;1998;78,20
46 Valencia/València;Ambos sexos;1997;77,56
46 Valencia/València;Ambos sexos;1996;77,29
47 Valladolid;Ambos sexos;2023;84,72
47 Valladolid;Ambos sexos;2022;84,09
47 Valladolid;Ambos sexos;2021;83,96
47 Valladolid;Ambos sexos;2020;82,92
47 Valladolid;Ambos sexos;2019;84,62
47 Valladolid;Ambos sexos;2018;84,28
47 Valladolid;Ambos sexos;2017;83,96
47 Valladolid;Ambos sexos;2016;84,18
47 Valladolid;Ambos sexos;2015;83,23
47 Valladolid;Ambos sexos;2014;83,86
47 Valladolid;Ambos sexos;2013;83,69
47 Valladolid;Ambos sexos;2012;83,16
47 Valladolid;Ambos sexos;2011;83,04
47 Valladolid;Ambos sexos;2010;82,47
47 Valladolid;Ambos sexos;2009;82,66
47 Valladolid;Ambos sexos;2008;81,88
47 Valladolid;Ambos sexos;2007;81,93
47 Valladolid;Ambos sexos;2006;81,61
47 Valladolid;Ambos sexos;2005;80,94
47 Valladolid;Ambos sexos;2004;80,92
47 Valladolid;Ambos sexos;2003;80,78
47 Valladolid;Ambos sexos;2002;80,61
47 Valladolid;Ambos sexos;2001;80,69
47 Valladolid;Ambos sexos;2000;80,30
47 Valladolid;Ambos sexos;1999;80,14
47 Valladolid;Ambos sexos;1998;79,71
47 Valladolid;Ambos sexos;1997;79,84
47 Valladolid;Ambos sexos;1996;79,37
49 Zamora;Ambos sexos;2023;85,15
49 Zamora;Ambos sexos;2022;83,62
49 Zamora;Ambos sexos;2021;84,15
49 Zamora;Ambos sexos;2020;82,90
49 Zamora;Ambos sexos;2019;83,42
49 Zamora;Ambos sexos;2018;83,15
49 Zamora;Ambos sexos;2017;83,06
49 Zamora;Ambos sexos;2016;83,23
49 Zamora;Ambos sexos;2015;83,61
49 Zamora;Ambos sexos;2014;83,41
49 Zamora;Ambos sexos;2013;83,27
49 Zamora;Ambos sexos;2012;83,22
49 Zamora;Ambos sexos;2011;83,38
49 Zamora;Ambos sexos;2010;83,45
49 Zamora;Ambos sexos;2009;82,97
49 Zamora;Ambos sexos;2008;82,54
49 Zamora;Ambos sexos;2007;82,49
49 Zamora;Ambos sexos;2006;82,06
49 Zamora;Ambos sexos;2005;81,67
49 Zamora;Ambos sexos;2004;82,19
49 Zamora;Ambos sexos;2003;80,44
49 Zamora;Ambos sexos;2002;80,65
49 Zamora;Ambos sexos;2001;81,50
49 Zamora;Ambos sexos;2000;81,58
49 Zamora;Ambos sexos;1999;79,93
49 Zamora;Ambos sexos;1998;80,44
49 Zamora;Ambos sexos;1997;80,72
49 Zamora;Ambos sexos;1996;80,40
50 Zaragoza;Ambos sexos;2023;83,97
50 Zaragoza;Ambos sexos;2022;83,07
50 Zaragoza;Ambos sexos;2021;83,08
50 Zaragoza;Ambos sexos;2020;82,22
50 Zaragoza;Ambos sexos;2019;83,78
50 Zaragoza;Ambos sexos;2018;83,43
50 Zaragoza;Ambos sexos;2017;83,16
50 Zaragoza;Ambos sexos;2016;83,35
50 Zaragoza;Ambos sexos;2015;82,69
50 Zaragoza;Ambos sexos;2014;82,71
50 Zaragoza;Ambos sexos;2013;82,98
50 Zaragoza;Ambos sexos;2012;82,55
50 Zaragoza;Ambos sexos;2011;82,18
50 Zaragoza;Ambos sexos;2010;82,13
50 Zaragoza;Ambos sexos;2009;81,86
50 Zaragoza;Ambos sexos;2008;81,55
50 Zaragoza;Ambos sexos;2007;81,08
50 Zaragoza;Ambos sexos;2006;81,27
50 Zaragoza;Ambos sexos;2005;80,39
50 Zaragoza;Ambos sexos;2004;80,16
50 Zaragoza;Ambos sexos;2003;79,94
50 Zaragoza;Ambos sexos;2002;80,22
50 Zaragoza;Ambos sexos;2001;80,04
50 Zaragoza;Ambos sexos;2000;79,68
50 Zaragoza;Ambos sexos;1999;79,01
50 Zaragoza;Ambos sexos;1998;79,37
50 Zaragoza;Ambos sexos;1997;79,04
50 Zaragoza;Ambos sexos;1996;78,85
51 Ceuta;Ambos sexos;2023;81,11
51 Ceuta;Ambos sexos;2022;79,71
51 Ceuta;Ambos sexos;2021;78,30
51 Ceuta;Ambos sexos;2020;79,14
51 Ceuta;Ambos sexos;2019;80,42
51 Ceuta;Ambos sexos;2018;80,39
51 Ceuta;Ambos sexos;2017;79,19
51 Ceuta;Ambos sexos;2016;80,63
51 Ceuta;Ambos sexos;2015;80,18
51 Ceuta;Ambos sexos;2014;79,82
51 Ceuta;Ambos sexos;2013;79,35
51 Ceuta;Ambos sexos;2012;80,17
51 Ceuta;Ambos sexos;2011;79,43
51 Ceuta;Ambos sexos;2010;78,52
51 Ceuta;Ambos sexos;2009;78,09
51 Ceuta;Ambos sexos;2008;78,76
51 Ceuta;Ambos sexos;2007;77,92
51 Ceuta;Ambos sexos;2006;78,16
51 Ceuta;Ambos sexos;2005;77,95
51 Ceuta;Ambos sexos;2004;77,89
51 Ceuta;Ambos sexos;2003;77,58
51 Ceuta;Ambos sexos;2002;76,77
51 Ceuta;Ambos sexos;2001;77,95
51 Ceuta;Ambos sexos;2000;78,08
51 Ceuta;Ambos sexos;1999;76,21
51 Ceuta;Ambos sexos;1998;75,76
51 Ceuta;Ambos sexos;1997;76,04
51 Ceuta;Ambos sexos;1996;74,97
52 Melilla;Ambos sexos;2023;81,61
52 Melilla;Ambos sexos;2022;81,55
52 Melilla;Ambos sexos;2021;79,72
52 Melilla;Ambos sexos;2020;78,82
52 Melilla;Ambos sexos;2019;80,67
52 Melilla;Ambos sexos;2018;80,18
52 Melilla;Ambos sexos;2017;80,21
52 Melilla;Ambos sexos;2016;80,43
52 Melilla;Ambos sexos;2015;79,88
52 Melilla;Ambos sexos;2014;80,03
52 Melilla;Ambos sexos;2013;80,33
52 Melilla;Ambos sexos;2012;80,29
52 Melilla;Ambos sexos;2011;79,93
52 Melilla;Ambos sexos;2010;81,13
52 Melilla;Ambos sexos;2009;80,56
52 Melilla;Ambos sexos;2008;78,41
52 Melilla;Ambos sexos;2007;78,78
52 Melilla;Ambos sexos;2006;78,21
52 Melilla;Ambos sexos;2005;78,53
52 Melilla;Ambos sexos;2004;77,66
52 Melilla;Ambos sexos;2003;77,18
52 Melilla;Ambos sexos;2002;77,31
52 Melilla;Ambos sexos;2001;77,40
52 Melilla;Ambos sexos;2000;76,87
52 Melilla;Ambos sexos;1999;77,14
52 Melilla;Ambos sexos;1998;75,27
52 Melilla;Ambos sexos;1997;76,16
52 Melilla;Ambos sexos;1996;77,22
