Nacionalidad;Provincias;Sexo;Ano;Total
TOTAL EXTRANJEROS;02 Albacete;Ambos sexos;2023;27.558
TOTAL EXTRANJEROS;02 Albacete;Ambos sexos;2021;26.799
TOTAL EXTRANJEROS;02 Albacete;Ambos sexos;2020;26.324
TOTAL EXTRANJEROS;02 Albacete;Ambos sexos;2019;24.586
TOTAL EXTRANJEROS;02 Albacete;Ambos sexos;2018;23.761
TOTAL EXTRANJEROS;02 Albacete;Ambos sexos;2017;22.966
TOTAL EXTRANJEROS;02 Albacete;Ambos sexos;2016;23.985
TOTAL EXTRANJEROS;02 Albacete;Ambos sexos;2015;25.171
TOTAL EXTRANJEROS;02 Albacete;Ambos sexos;2014;27.052
TOTAL EXTRANJEROS;02 Albacete;Ambos sexos;2013;30.383
TOTAL EXTRANJEROS;02 Albacete;Ambos sexos;2012;32.102
TOTAL EXTRANJEROS;02 Albacete;Ambos sexos;2011;32.083
TOTAL EXTRANJEROS;02 Albacete;Ambos sexos;2010;32.405
TOTAL EXTRANJEROS;02 Albacete;Ambos sexos;2009;32.811
TOTAL EXTRANJEROS;02 Albacete;Ambos sexos;2008;31.128
TOTAL EXTRANJEROS;02 Albacete;Ambos sexos;2007;26.348
TOTAL EXTRANJEROS;02 Albacete;Ambos sexos;2006;22.811
TOTAL EXTRANJEROS;02 Albacete;Ambos sexos;2005;20.552
TOTAL EXTRANJEROS;02 Albacete;Ambos sexos;2004;16.065
TOTAL EXTRANJEROS;02 Albacete;Ambos sexos;2003;13.318
TOTAL EXTRANJEROS;02 Albacete;Ambos sexos;2002;9.487
TOTAL EXTRANJEROS;02 Albacete;Ambos sexos;2001;5.084
TOTAL EXTRANJEROS;02 Albacete;Ambos sexos;2000;1.854
TOTAL EXTRANJEROS;02 Albacete;Ambos sexos;1999;1.261
TOTAL EXTRANJEROS;02 Albacete;Ambos sexos;1996;1.115
TOTAL EXTRANJEROS;03 Alicante/Alacant;Ambos sexos;2023;388.748
TOTAL EXTRANJEROS;03 Alicante/Alacant;Ambos sexos;2021;373.423
TOTAL EXTRANJEROS;03 Alicante/Alacant;Ambos sexos;2020;374.618
TOTAL EXTRANJEROS;03 Alicante/Alacant;Ambos sexos;2019;355.454
TOTAL EXTRANJEROS;03 Alicante/Alacant;Ambos sexos;2018;336.902
TOTAL EXTRANJEROS;03 Alicante/Alacant;Ambos sexos;2017;325.120
TOTAL EXTRANJEROS;03 Alicante/Alacant;Ambos sexos;2016;342.686
TOTAL EXTRANJEROS;03 Alicante/Alacant;Ambos sexos;2015;364.382
TOTAL EXTRANJEROS;03 Alicante/Alacant;Ambos sexos;2014;385.225
TOTAL EXTRANJEROS;03 Alicante/Alacant;Ambos sexos;2013;469.417
TOTAL EXTRANJEROS;03 Alicante/Alacant;Ambos sexos;2012;472.610
TOTAL EXTRANJEROS;03 Alicante/Alacant;Ambos sexos;2011;466.684
TOTAL EXTRANJEROS;03 Alicante/Alacant;Ambos sexos;2010;467.099
TOTAL EXTRANJEROS;03 Alicante/Alacant;Ambos sexos;2009;462.974
TOTAL EXTRANJEROS;03 Alicante/Alacant;Ambos sexos;2008;446.368
TOTAL EXTRANJEROS;03 Alicante/Alacant;Ambos sexos;2007;392.907
TOTAL EXTRANJEROS;03 Alicante/Alacant;Ambos sexos;2006;359.150
TOTAL EXTRANJEROS;03 Alicante/Alacant;Ambos sexos;2005;321.640
TOTAL EXTRANJEROS;03 Alicante/Alacant;Ambos sexos;2004;260.316
TOTAL EXTRANJEROS;03 Alicante/Alacant;Ambos sexos;2003;245.883
TOTAL EXTRANJEROS;03 Alicante/Alacant;Ambos sexos;2002;185.598
TOTAL EXTRANJEROS;03 Alicante/Alacant;Ambos sexos;2001;132.444
TOTAL EXTRANJEROS;03 Alicante/Alacant;Ambos sexos;2000;118.961
TOTAL EXTRANJEROS;03 Alicante/Alacant;Ambos sexos;1999;102.226
TOTAL EXTRANJEROS;03 Alicante/Alacant;Ambos sexos;1996;75.722
TOTAL EXTRANJEROS;04 Almer�a;Ambos sexos;2023;162.091
TOTAL EXTRANJEROS;04 Almer�a;Ambos sexos;2021;156.357
TOTAL EXTRANJEROS;04 Almer�a;Ambos sexos;2020;154.595
TOTAL EXTRANJEROS;04 Almer�a;Ambos sexos;2019;145.908
TOTAL EXTRANJEROS;04 Almer�a;Ambos sexos;2018;139.759
TOTAL EXTRANJEROS;04 Almer�a;Ambos sexos;2017;137.561
TOTAL EXTRANJEROS;04 Almer�a;Ambos sexos;2016;138.340
TOTAL EXTRANJEROS;04 Almer�a;Ambos sexos;2015;138.104
TOTAL EXTRANJEROS;04 Almer�a;Ambos sexos;2014;142.810
TOTAL EXTRANJEROS;04 Almer�a;Ambos sexos;2013;146.656
TOTAL EXTRANJEROS;04 Almer�a;Ambos sexos;2012;154.404
TOTAL EXTRANJEROS;04 Almer�a;Ambos sexos;2011;155.315
TOTAL EXTRANJEROS;04 Almer�a;Ambos sexos;2010;151.159
TOTAL EXTRANJEROS;04 Almer�a;Ambos sexos;2009;143.707
TOTAL EXTRANJEROS;04 Almer�a;Ambos sexos;2008;131.330
TOTAL EXTRANJEROS;04 Almer�a;Ambos sexos;2007;116.214
TOTAL EXTRANJEROS;04 Almer�a;Ambos sexos;2006;110.656
TOTAL EXTRANJEROS;04 Almer�a;Ambos sexos;2005;93.058
TOTAL EXTRANJEROS;04 Almer�a;Ambos sexos;2004;66.181
TOTAL EXTRANJEROS;04 Almer�a;Ambos sexos;2003;56.276
TOTAL EXTRANJEROS;04 Almer�a;Ambos sexos;2002;39.403
TOTAL EXTRANJEROS;04 Almer�a;Ambos sexos;2001;29.912
TOTAL EXTRANJEROS;04 Almer�a;Ambos sexos;2000;18.957
TOTAL EXTRANJEROS;04 Almer�a;Ambos sexos;1999;15.090
TOTAL EXTRANJEROS;04 Almer�a;Ambos sexos;1996;13.260
TOTAL EXTRANJEROS;01 Araba/�lava;Ambos sexos;2023;33.006
TOTAL EXTRANJEROS;01 Araba/�lava;Ambos sexos;2021;32.429
TOTAL EXTRANJEROS;01 Araba/�lava;Ambos sexos;2020;32.416
TOTAL EXTRANJEROS;01 Araba/�lava;Ambos sexos;2019;30.335
TOTAL EXTRANJEROS;01 Araba/�lava;Ambos sexos;2018;28.271
TOTAL EXTRANJEROS;01 Araba/�lava;Ambos sexos;2017;26.634
TOTAL EXTRANJEROS;01 Araba/�lava;Ambos sexos;2016;25.547
TOTAL EXTRANJEROS;01 Araba/�lava;Ambos sexos;2015;26.013
TOTAL EXTRANJEROS;01 Araba/�lava;Ambos sexos;2014;26.693
TOTAL EXTRANJEROS;01 Araba/�lava;Ambos sexos;2013;28.325
TOTAL EXTRANJEROS;01 Araba/�lava;Ambos sexos;2012;30.228
TOTAL EXTRANJEROS;01 Araba/�lava;Ambos sexos;2011;28.821
TOTAL EXTRANJEROS;01 Araba/�lava;Ambos sexos;2010;28.210
TOTAL EXTRANJEROS;01 Araba/�lava;Ambos sexos;2009;26.021
TOTAL EXTRANJEROS;01 Araba/�lava;Ambos sexos;2008;22.840
TOTAL EXTRANJEROS;01 Araba/�lava;Ambos sexos;2007;19.392
TOTAL EXTRANJEROS;01 Araba/�lava;Ambos sexos;2006;16.857
TOTAL EXTRANJEROS;01 Araba/�lava;Ambos sexos;2005;15.141
TOTAL EXTRANJEROS;01 Araba/�lava;Ambos sexos;2004;12.058
TOTAL EXTRANJEROS;01 Araba/�lava;Ambos sexos;2003;10.445
TOTAL EXTRANJEROS;01 Araba/�lava;Ambos sexos;2002;8.031
TOTAL EXTRANJEROS;01 Araba/�lava;Ambos sexos;2001;5.462
TOTAL EXTRANJEROS;01 Araba/�lava;Ambos sexos;2000;3.818
TOTAL EXTRANJEROS;01 Araba/�lava;Ambos sexos;1999;2.801
TOTAL EXTRANJEROS;01 Araba/�lava;Ambos sexos;1996;2.460
TOTAL EXTRANJEROS;33 Asturias;Ambos sexos;2023;45.630
TOTAL EXTRANJEROS;33 Asturias;Ambos sexos;2021;45.445
TOTAL EXTRANJEROS;33 Asturias;Ambos sexos;2020;45.321
TOTAL EXTRANJEROS;33 Asturias;Ambos sexos;2019;41.626
TOTAL EXTRANJEROS;33 Asturias;Ambos sexos;2018;40.084
TOTAL EXTRANJEROS;33 Asturias;Ambos sexos;2017;38.884
TOTAL EXTRANJEROS;33 Asturias;Ambos sexos;2016;40.318
TOTAL EXTRANJEROS;33 Asturias;Ambos sexos;2015;41.340
TOTAL EXTRANJEROS;33 Asturias;Ambos sexos;2014;45.124
TOTAL EXTRANJEROS;33 Asturias;Ambos sexos;2013;48.394
TOTAL EXTRANJEROS;33 Asturias;Ambos sexos;2012;50.827
TOTAL EXTRANJEROS;33 Asturias;Ambos sexos;2011;50.399
TOTAL EXTRANJEROS;33 Asturias;Ambos sexos;2010;49.286
TOTAL EXTRANJEROS;33 Asturias;Ambos sexos;2009;47.119
TOTAL EXTRANJEROS;33 Asturias;Ambos sexos;2008;40.804
TOTAL EXTRANJEROS;33 Asturias;Ambos sexos;2007;32.720
TOTAL EXTRANJEROS;33 Asturias;Ambos sexos;2006;30.258
TOTAL EXTRANJEROS;33 Asturias;Ambos sexos;2005;26.797
TOTAL EXTRANJEROS;33 Asturias;Ambos sexos;2004;22.429
TOTAL EXTRANJEROS;33 Asturias;Ambos sexos;2003;19.691
TOTAL EXTRANJEROS;33 Asturias;Ambos sexos;2002;14.846
TOTAL EXTRANJEROS;33 Asturias;Ambos sexos;2001;10.848
TOTAL EXTRANJEROS;33 Asturias;Ambos sexos;2000;7.859
TOTAL EXTRANJEROS;33 Asturias;Ambos sexos;1999;6.048
TOTAL EXTRANJEROS;33 Asturias;Ambos sexos;1996;6.029
TOTAL EXTRANJEROS;05 �vila;Ambos sexos;2023;10.491
TOTAL EXTRANJEROS;05 �vila;Ambos sexos;2021;10.520
TOTAL EXTRANJEROS;05 �vila;Ambos sexos;2020;10.472
TOTAL EXTRANJEROS;05 �vila;Ambos sexos;2019;9.449
TOTAL EXTRANJEROS;05 �vila;Ambos sexos;2018;9.141
TOTAL EXTRANJEROS;05 �vila;Ambos sexos;2017;10.284
TOTAL EXTRANJEROS;05 �vila;Ambos sexos;2016;10.739
TOTAL EXTRANJEROS;05 �vila;Ambos sexos;2015;11.500
TOTAL EXTRANJEROS;05 �vila;Ambos sexos;2014;12.601
TOTAL EXTRANJEROS;05 �vila;Ambos sexos;2013;13.520
TOTAL EXTRANJEROS;05 �vila;Ambos sexos;2012;13.912
TOTAL EXTRANJEROS;05 �vila;Ambos sexos;2011;13.574
TOTAL EXTRANJEROS;05 �vila;Ambos sexos;2010;12.613
TOTAL EXTRANJEROS;05 �vila;Ambos sexos;2009;12.423
TOTAL EXTRANJEROS;05 �vila;Ambos sexos;2008;11.782
TOTAL EXTRANJEROS;05 �vila;Ambos sexos;2007;8.500
TOTAL EXTRANJEROS;05 �vila;Ambos sexos;2006;7.026
TOTAL EXTRANJEROS;05 �vila;Ambos sexos;2005;6.073
TOTAL EXTRANJEROS;05 �vila;Ambos sexos;2004;4.448
TOTAL EXTRANJEROS;05 �vila;Ambos sexos;2003;3.514
TOTAL EXTRANJEROS;05 �vila;Ambos sexos;2002;2.350
TOTAL EXTRANJEROS;05 �vila;Ambos sexos;2001;1.248
TOTAL EXTRANJEROS;05 �vila;Ambos sexos;2000;890
TOTAL EXTRANJEROS;05 �vila;Ambos sexos;1999;700
TOTAL EXTRANJEROS;05 �vila;Ambos sexos;1996;662
TOTAL EXTRANJEROS;06 Badajoz;Ambos sexos;2023;21.309
TOTAL EXTRANJEROS;06 Badajoz;Ambos sexos;2021;21.283
TOTAL EXTRANJEROS;06 Badajoz;Ambos sexos;2020;21.030
TOTAL EXTRANJEROS;06 Badajoz;Ambos sexos;2019;19.459
TOTAL EXTRANJEROS;06 Badajoz;Ambos sexos;2018;18.810
TOTAL EXTRANJEROS;06 Badajoz;Ambos sexos;2017;18.765
TOTAL EXTRANJEROS;06 Badajoz;Ambos sexos;2016;20.098
TOTAL EXTRANJEROS;06 Badajoz;Ambos sexos;2015;20.325
TOTAL EXTRANJEROS;06 Badajoz;Ambos sexos;2014;22.689
TOTAL EXTRANJEROS;06 Badajoz;Ambos sexos;2013;25.622
TOTAL EXTRANJEROS;06 Badajoz;Ambos sexos;2012;25.975
TOTAL EXTRANJEROS;06 Badajoz;Ambos sexos;2011;25.413
TOTAL EXTRANJEROS;06 Badajoz;Ambos sexos;2010;24.040
TOTAL EXTRANJEROS;06 Badajoz;Ambos sexos;2009;22.760
TOTAL EXTRANJEROS;06 Badajoz;Ambos sexos;2008;21.569
TOTAL EXTRANJEROS;06 Badajoz;Ambos sexos;2007;16.771
TOTAL EXTRANJEROS;06 Badajoz;Ambos sexos;2006;14.566
TOTAL EXTRANJEROS;06 Badajoz;Ambos sexos;2005;12.466
TOTAL EXTRANJEROS;06 Badajoz;Ambos sexos;2004;8.600
TOTAL EXTRANJEROS;06 Badajoz;Ambos sexos;2003;7.167
TOTAL EXTRANJEROS;06 Badajoz;Ambos sexos;2002;5.436
TOTAL EXTRANJEROS;06 Badajoz;Ambos sexos;2001;4.007
TOTAL EXTRANJEROS;06 Badajoz;Ambos sexos;2000;2.778
TOTAL EXTRANJEROS;06 Badajoz;Ambos sexos;1999;2.351
TOTAL EXTRANJEROS;06 Badajoz;Ambos sexos;1996;2.138
TOTAL EXTRANJEROS;07 Balears, Illes;Ambos sexos;2023;222.017
TOTAL EXTRANJEROS;07 Balears, Illes;Ambos sexos;2021;220.297
TOTAL EXTRANJEROS;07 Balears, Illes;Ambos sexos;2020;220.035
TOTAL EXTRANJEROS;07 Balears, Illes;Ambos sexos;2019;204.987
TOTAL EXTRANJEROS;07 Balears, Illes;Ambos sexos;2018;192.861
TOTAL EXTRANJEROS;07 Balears, Illes;Ambos sexos;2017;186.933
TOTAL EXTRANJEROS;07 Balears, Illes;Ambos sexos;2016;188.896
TOTAL EXTRANJEROS;07 Balears, Illes;Ambos sexos;2015;192.518
TOTAL EXTRANJEROS;07 Balears, Illes;Ambos sexos;2014;203.112
TOTAL EXTRANJEROS;07 Balears, Illes;Ambos sexos;2013;224.406
TOTAL EXTRANJEROS;07 Balears, Illes;Ambos sexos;2012;242.570
TOTAL EXTRANJEROS;07 Balears, Illes;Ambos sexos;2011;242.812
TOTAL EXTRANJEROS;07 Balears, Illes;Ambos sexos;2010;242.256
TOTAL EXTRANJEROS;07 Balears, Illes;Ambos sexos;2009;237.562
TOTAL EXTRANJEROS;07 Balears, Illes;Ambos sexos;2008;223.036
TOTAL EXTRANJEROS;07 Balears, Illes;Ambos sexos;2007;190.170
TOTAL EXTRANJEROS;07 Balears, Illes;Ambos sexos;2006;167.751
TOTAL EXTRANJEROS;07 Balears, Illes;Ambos sexos;2005;156.270
TOTAL EXTRANJEROS;07 Balears, Illes;Ambos sexos;2004;131.423
TOTAL EXTRANJEROS;07 Balears, Illes;Ambos sexos;2003;126.505
TOTAL EXTRANJEROS;07 Balears, Illes;Ambos sexos;2002;99.744
TOTAL EXTRANJEROS;07 Balears, Illes;Ambos sexos;2001;73.614
TOTAL EXTRANJEROS;07 Balears, Illes;Ambos sexos;2000;54.729
TOTAL EXTRANJEROS;07 Balears, Illes;Ambos sexos;1999;45.017
TOTAL EXTRANJEROS;07 Balears, Illes;Ambos sexos;1996;38.093
TOTAL EXTRANJEROS;08 Barcelona;Ambos sexos;2023;886.622
TOTAL EXTRANJEROS;08 Barcelona;Ambos sexos;2021;871.758
TOTAL EXTRANJEROS;08 Barcelona;Ambos sexos;2020;883.558
TOTAL EXTRANJEROS;08 Barcelona;Ambos sexos;2019;803.709
TOTAL EXTRANJEROS;08 Barcelona;Ambos sexos;2018;743.781
TOTAL EXTRANJEROS;08 Barcelona;Ambos sexos;2017;711.314
TOTAL EXTRANJEROS;08 Barcelona;Ambos sexos;2016;688.463
TOTAL EXTRANJEROS;08 Barcelona;Ambos sexos;2015;685.843
TOTAL EXTRANJEROS;08 Barcelona;Ambos sexos;2014;729.667
TOTAL EXTRANJEROS;08 Barcelona;Ambos sexos;2013;771.990
TOTAL EXTRANJEROS;08 Barcelona;Ambos sexos;2012;792.071
TOTAL EXTRANJEROS;08 Barcelona;Ambos sexos;2011;793.720
TOTAL EXTRANJEROS;08 Barcelona;Ambos sexos;2010;805.487
TOTAL EXTRANJEROS;08 Barcelona;Ambos sexos;2009;802.006
TOTAL EXTRANJEROS;08 Barcelona;Ambos sexos;2008;745.216
TOTAL EXTRANJEROS;08 Barcelona;Ambos sexos;2007;669.263
TOTAL EXTRANJEROS;08 Barcelona;Ambos sexos;2006;645.737
TOTAL EXTRANJEROS;08 Barcelona;Ambos sexos;2005;569.305
TOTAL EXTRANJEROS;08 Barcelona;Ambos sexos;2004;469.236
TOTAL EXTRANJEROS;08 Barcelona;Ambos sexos;2003;398.459
TOTAL EXTRANJEROS;08 Barcelona;Ambos sexos;2002;275.892
TOTAL EXTRANJEROS;08 Barcelona;Ambos sexos;2001;182.242
TOTAL EXTRANJEROS;08 Barcelona;Ambos sexos;2000;121.358
TOTAL EXTRANJEROS;08 Barcelona;Ambos sexos;1999;96.499
TOTAL EXTRANJEROS;08 Barcelona;Ambos sexos;1996;83.766
TOTAL EXTRANJEROS;48 Bizkaia;Ambos sexos;2023;90.270
TOTAL EXTRANJEROS;48 Bizkaia;Ambos sexos;2021;89.607
TOTAL EXTRANJEROS;48 Bizkaia;Ambos sexos;2020;87.551
TOTAL EXTRANJEROS;48 Bizkaia;Ambos sexos;2019;78.178
TOTAL EXTRANJEROS;48 Bizkaia;Ambos sexos;2018;72.014
TOTAL EXTRANJEROS;48 Bizkaia;Ambos sexos;2017;67.750
TOTAL EXTRANJEROS;48 Bizkaia;Ambos sexos;2016;66.286
TOTAL EXTRANJEROS;48 Bizkaia;Ambos sexos;2015;65.255
TOTAL EXTRANJEROS;48 Bizkaia;Ambos sexos;2014;68.159
TOTAL EXTRANJEROS;48 Bizkaia;Ambos sexos;2013;73.868
TOTAL EXTRANJEROS;48 Bizkaia;Ambos sexos;2012;75.534
TOTAL EXTRANJEROS;48 Bizkaia;Ambos sexos;2011;72.256
TOTAL EXTRANJEROS;48 Bizkaia;Ambos sexos;2010;68.710
TOTAL EXTRANJEROS;48 Bizkaia;Ambos sexos;2009;65.985
TOTAL EXTRANJEROS;48 Bizkaia;Ambos sexos;2008;58.562
TOTAL EXTRANJEROS;48 Bizkaia;Ambos sexos;2007;50.092
TOTAL EXTRANJEROS;48 Bizkaia;Ambos sexos;2006;43.395
TOTAL EXTRANJEROS;48 Bizkaia;Ambos sexos;2005;36.217
TOTAL EXTRANJEROS;48 Bizkaia;Ambos sexos;2004;28.876
TOTAL EXTRANJEROS;48 Bizkaia;Ambos sexos;2003;23.908
TOTAL EXTRANJEROS;48 Bizkaia;Ambos sexos;2002;18.661
TOTAL EXTRANJEROS;48 Bizkaia;Ambos sexos;2001;13.120
TOTAL EXTRANJEROS;48 Bizkaia;Ambos sexos;2000;9.419
TOTAL EXTRANJEROS;48 Bizkaia;Ambos sexos;1999;7.633
TOTAL EXTRANJEROS;48 Bizkaia;Ambos sexos;1996;7.437
TOTAL EXTRANJEROS;09 Burgos;Ambos sexos;2023;29.635
TOTAL EXTRANJEROS;09 Burgos;Ambos sexos;2021;28.878
TOTAL EXTRANJEROS;09 Burgos;Ambos sexos;2020;28.626
TOTAL EXTRANJEROS;09 Burgos;Ambos sexos;2019;26.470
TOTAL EXTRANJEROS;09 Burgos;Ambos sexos;2018;24.917
TOTAL EXTRANJEROS;09 Burgos;Ambos sexos;2017;24.289
TOTAL EXTRANJEROS;09 Burgos;Ambos sexos;2016;25.675
TOTAL EXTRANJEROS;09 Burgos;Ambos sexos;2015;26.765
TOTAL EXTRANJEROS;09 Burgos;Ambos sexos;2014;28.604
TOTAL EXTRANJEROS;09 Burgos;Ambos sexos;2013;32.522
TOTAL EXTRANJEROS;09 Burgos;Ambos sexos;2012;34.618
TOTAL EXTRANJEROS;09 Burgos;Ambos sexos;2011;34.853
TOTAL EXTRANJEROS;09 Burgos;Ambos sexos;2010;34.566
TOTAL EXTRANJEROS;09 Burgos;Ambos sexos;2009;34.671
TOTAL EXTRANJEROS;09 Burgos;Ambos sexos;2008;32.073
TOTAL EXTRANJEROS;09 Burgos;Ambos sexos;2007;23.680
TOTAL EXTRANJEROS;09 Burgos;Ambos sexos;2006;20.875
TOTAL EXTRANJEROS;09 Burgos;Ambos sexos;2005;17.357
TOTAL EXTRANJEROS;09 Burgos;Ambos sexos;2004;13.331
TOTAL EXTRANJEROS;09 Burgos;Ambos sexos;2003;10.908
TOTAL EXTRANJEROS;09 Burgos;Ambos sexos;2002;7.777
TOTAL EXTRANJEROS;09 Burgos;Ambos sexos;2001;4.386
TOTAL EXTRANJEROS;09 Burgos;Ambos sexos;2000;2.257
TOTAL EXTRANJEROS;09 Burgos;Ambos sexos;1999;2.006
TOTAL EXTRANJEROS;09 Burgos;Ambos sexos;1996;1.917
TOTAL EXTRANJEROS;10 C�ceres;Ambos sexos;2023;13.829
TOTAL EXTRANJEROS;10 C�ceres;Ambos sexos;2021;13.603
TOTAL EXTRANJEROS;10 C�ceres;Ambos sexos;2020;13.637
TOTAL EXTRANJEROS;10 C�ceres;Ambos sexos;2019;13.164
TOTAL EXTRANJEROS;10 C�ceres;Ambos sexos;2018;12.837
TOTAL EXTRANJEROS;10 C�ceres;Ambos sexos;2017;12.852
TOTAL EXTRANJEROS;10 C�ceres;Ambos sexos;2016;13.609
TOTAL EXTRANJEROS;10 C�ceres;Ambos sexos;2015;14.012
TOTAL EXTRANJEROS;10 C�ceres;Ambos sexos;2014;15.027
TOTAL EXTRANJEROS;10 C�ceres;Ambos sexos;2013;16.055
TOTAL EXTRANJEROS;10 C�ceres;Ambos sexos;2012;16.566
TOTAL EXTRANJEROS;10 C�ceres;Ambos sexos;2011;16.306
TOTAL EXTRANJEROS;10 C�ceres;Ambos sexos;2010;15.316
TOTAL EXTRANJEROS;10 C�ceres;Ambos sexos;2009;14.463
TOTAL EXTRANJEROS;10 C�ceres;Ambos sexos;2008;13.746
TOTAL EXTRANJEROS;10 C�ceres;Ambos sexos;2007;12.439
TOTAL EXTRANJEROS;10 C�ceres;Ambos sexos;2006;12.901
TOTAL EXTRANJEROS;10 C�ceres;Ambos sexos;2005;12.875
TOTAL EXTRANJEROS;10 C�ceres;Ambos sexos;2004;11.466
TOTAL EXTRANJEROS;10 C�ceres;Ambos sexos;2003;10.718
TOTAL EXTRANJEROS;10 C�ceres;Ambos sexos;2002;9.689
TOTAL EXTRANJEROS;10 C�ceres;Ambos sexos;2001;7.620
TOTAL EXTRANJEROS;10 C�ceres;Ambos sexos;2000;5.935
TOTAL EXTRANJEROS;10 C�ceres;Ambos sexos;1999;5.125
TOTAL EXTRANJEROS;10 C�ceres;Ambos sexos;1996;1.943
TOTAL EXTRANJEROS;11 C�diz;Ambos sexos;2023;52.225
TOTAL EXTRANJEROS;11 C�diz;Ambos sexos;2021;50.609
TOTAL EXTRANJEROS;11 C�diz;Ambos sexos;2020;49.470
TOTAL EXTRANJEROS;11 C�diz;Ambos sexos;2019;45.325
TOTAL EXTRANJEROS;11 C�diz;Ambos sexos;2018;42.552
TOTAL EXTRANJEROS;11 C�diz;Ambos sexos;2017;40.938
TOTAL EXTRANJEROS;11 C�diz;Ambos sexos;2016;41.299
TOTAL EXTRANJEROS;11 C�diz;Ambos sexos;2015;41.782
TOTAL EXTRANJEROS;11 C�diz;Ambos sexos;2014;42.894
TOTAL EXTRANJEROS;11 C�diz;Ambos sexos;2013;46.620
TOTAL EXTRANJEROS;11 C�diz;Ambos sexos;2012;51.900
TOTAL EXTRANJEROS;11 C�diz;Ambos sexos;2011;50.374
TOTAL EXTRANJEROS;11 C�diz;Ambos sexos;2010;47.767
TOTAL EXTRANJEROS;11 C�diz;Ambos sexos;2009;45.687
TOTAL EXTRANJEROS;11 C�diz;Ambos sexos;2008;42.804
TOTAL EXTRANJEROS;11 C�diz;Ambos sexos;2007;36.888
TOTAL EXTRANJEROS;11 C�diz;Ambos sexos;2006;31.869
TOTAL EXTRANJEROS;11 C�diz;Ambos sexos;2005;27.720
TOTAL EXTRANJEROS;11 C�diz;Ambos sexos;2004;21.409
TOTAL EXTRANJEROS;11 C�diz;Ambos sexos;2003;19.904
TOTAL EXTRANJEROS;11 C�diz;Ambos sexos;2002;15.438
TOTAL EXTRANJEROS;11 C�diz;Ambos sexos;2001;11.834
TOTAL EXTRANJEROS;11 C�diz;Ambos sexos;2000;10.350
TOTAL EXTRANJEROS;11 C�diz;Ambos sexos;1999;8.927
TOTAL EXTRANJEROS;11 C�diz;Ambos sexos;1996;7.381
TOTAL EXTRANJEROS;39 Cantabria;Ambos sexos;2023;37.203
TOTAL EXTRANJEROS;39 Cantabria;Ambos sexos;2021;36.167
TOTAL EXTRANJEROS;39 Cantabria;Ambos sexos;2020;35.896
TOTAL EXTRANJEROS;39 Cantabria;Ambos sexos;2019;32.783
TOTAL EXTRANJEROS;39 Cantabria;Ambos sexos;2018;30.658
TOTAL EXTRANJEROS;39 Cantabria;Ambos sexos;2017;29.457
TOTAL EXTRANJEROS;39 Cantabria;Ambos sexos;2016;30.451
TOTAL EXTRANJEROS;39 Cantabria;Ambos sexos;2015;31.708
TOTAL EXTRANJEROS;39 Cantabria;Ambos sexos;2014;34.762
TOTAL EXTRANJEROS;39 Cantabria;Ambos sexos;2013;38.530
TOTAL EXTRANJEROS;39 Cantabria;Ambos sexos;2012;39.313
TOTAL EXTRANJEROS;39 Cantabria;Ambos sexos;2011;38.994
TOTAL EXTRANJEROS;39 Cantabria;Ambos sexos;2010;39.201
TOTAL EXTRANJEROS;39 Cantabria;Ambos sexos;2009;38.096
TOTAL EXTRANJEROS;39 Cantabria;Ambos sexos;2008;33.242
TOTAL EXTRANJEROS;39 Cantabria;Ambos sexos;2007;26.795
TOTAL EXTRANJEROS;39 Cantabria;Ambos sexos;2006;23.834
TOTAL EXTRANJEROS;39 Cantabria;Ambos sexos;2005;20.547
TOTAL EXTRANJEROS;39 Cantabria;Ambos sexos;2004;16.364
TOTAL EXTRANJEROS;39 Cantabria;Ambos sexos;2003;13.677
TOTAL EXTRANJEROS;39 Cantabria;Ambos sexos;2002;10.334
TOTAL EXTRANJEROS;39 Cantabria;Ambos sexos;2001;6.833
TOTAL EXTRANJEROS;39 Cantabria;Ambos sexos;2000;4.273
TOTAL EXTRANJEROS;39 Cantabria;Ambos sexos;1999;3.463
TOTAL EXTRANJEROS;39 Cantabria;Ambos sexos;1996;3.147
TOTAL EXTRANJEROS;12 Castell�n/Castell�;Ambos sexos;2023;90.926
TOTAL EXTRANJEROS;12 Castell�n/Castell�;Ambos sexos;2021;89.145
TOTAL EXTRANJEROS;12 Castell�n/Castell�;Ambos sexos;2020;88.992
TOTAL EXTRANJEROS;12 Castell�n/Castell�;Ambos sexos;2019;84.111
TOTAL EXTRANJEROS;12 Castell�n/Castell�;Ambos sexos;2018;81.343
TOTAL EXTRANJEROS;12 Castell�n/Castell�;Ambos sexos;2017;79.636
TOTAL EXTRANJEROS;12 Castell�n/Castell�;Ambos sexos;2016;83.681
TOTAL EXTRANJEROS;12 Castell�n/Castell�;Ambos sexos;2015;87.112
TOTAL EXTRANJEROS;12 Castell�n/Castell�;Ambos sexos;2014;93.534
TOTAL EXTRANJEROS;12 Castell�n/Castell�;Ambos sexos;2013;108.443
TOTAL EXTRANJEROS;12 Castell�n/Castell�;Ambos sexos;2012;111.598
TOTAL EXTRANJEROS;12 Castell�n/Castell�;Ambos sexos;2011;111.402
TOTAL EXTRANJEROS;12 Castell�n/Castell�;Ambos sexos;2010;112.265
TOTAL EXTRANJEROS;12 Castell�n/Castell�;Ambos sexos;2009;111.221
TOTAL EXTRANJEROS;12 Castell�n/Castell�;Ambos sexos;2008;106.125
TOTAL EXTRANJEROS;12 Castell�n/Castell�;Ambos sexos;2007;88.221
TOTAL EXTRANJEROS;12 Castell�n/Castell�;Ambos sexos;2006;77.841
TOTAL EXTRANJEROS;12 Castell�n/Castell�;Ambos sexos;2005;65.638
TOTAL EXTRANJEROS;12 Castell�n/Castell�;Ambos sexos;2004;52.247
TOTAL EXTRANJEROS;12 Castell�n/Castell�;Ambos sexos;2003;43.789
TOTAL EXTRANJEROS;12 Castell�n/Castell�;Ambos sexos;2002;30.818
TOTAL EXTRANJEROS;12 Castell�n/Castell�;Ambos sexos;2001;17.978
TOTAL EXTRANJEROS;12 Castell�n/Castell�;Ambos sexos;2000;10.326
TOTAL EXTRANJEROS;12 Castell�n/Castell�;Ambos sexos;1999;7.966
TOTAL EXTRANJEROS;12 Castell�n/Castell�;Ambos sexos;1996;6.842
TOTAL EXTRANJEROS;13 Ciudad Real;Ambos sexos;2023;31.604
TOTAL EXTRANJEROS;13 Ciudad Real;Ambos sexos;2021;31.195
TOTAL EXTRANJEROS;13 Ciudad Real;Ambos sexos;2020;31.023
TOTAL EXTRANJEROS;13 Ciudad Real;Ambos sexos;2019;28.847
TOTAL EXTRANJEROS;13 Ciudad Real;Ambos sexos;2018;28.874
TOTAL EXTRANJEROS;13 Ciudad Real;Ambos sexos;2017;28.727
TOTAL EXTRANJEROS;13 Ciudad Real;Ambos sexos;2016;31.078
TOTAL EXTRANJEROS;13 Ciudad Real;Ambos sexos;2015;34.437
TOTAL EXTRANJEROS;13 Ciudad Real;Ambos sexos;2014;38.323
TOTAL EXTRANJEROS;13 Ciudad Real;Ambos sexos;2013;43.181
TOTAL EXTRANJEROS;13 Ciudad Real;Ambos sexos;2012;46.194
TOTAL EXTRANJEROS;13 Ciudad Real;Ambos sexos;2011;45.575
TOTAL EXTRANJEROS;13 Ciudad Real;Ambos sexos;2010;46.001
TOTAL EXTRANJEROS;13 Ciudad Real;Ambos sexos;2009;44.858
TOTAL EXTRANJEROS;13 Ciudad Real;Ambos sexos;2008;41.396
TOTAL EXTRANJEROS;13 Ciudad Real;Ambos sexos;2007;30.948
TOTAL EXTRANJEROS;13 Ciudad Real;Ambos sexos;2006;27.888
TOTAL EXTRANJEROS;13 Ciudad Real;Ambos sexos;2005;22.532
TOTAL EXTRANJEROS;13 Ciudad Real;Ambos sexos;2004;16.945
TOTAL EXTRANJEROS;13 Ciudad Real;Ambos sexos;2003;12.742
TOTAL EXTRANJEROS;13 Ciudad Real;Ambos sexos;2002;8.128
TOTAL EXTRANJEROS;13 Ciudad Real;Ambos sexos;2001;4.054
TOTAL EXTRANJEROS;13 Ciudad Real;Ambos sexos;2000;1.715
TOTAL EXTRANJEROS;13 Ciudad Real;Ambos sexos;1999;1.279
TOTAL EXTRANJEROS;13 Ciudad Real;Ambos sexos;1996;1.168
TOTAL EXTRANJEROS;14 C�rdoba;Ambos sexos;2023;21.573
TOTAL EXTRANJEROS;14 C�rdoba;Ambos sexos;2021;21.845
TOTAL EXTRANJEROS;14 C�rdoba;Ambos sexos;2020;22.512
TOTAL EXTRANJEROS;14 C�rdoba;Ambos sexos;2019;21.103
TOTAL EXTRANJEROS;14 C�rdoba;Ambos sexos;2018;20.601
TOTAL EXTRANJEROS;14 C�rdoba;Ambos sexos;2017;19.943
TOTAL EXTRANJEROS;14 C�rdoba;Ambos sexos;2016;20.388
TOTAL EXTRANJEROS;14 C�rdoba;Ambos sexos;2015;21.301
TOTAL EXTRANJEROS;14 C�rdoba;Ambos sexos;2014;23.476
TOTAL EXTRANJEROS;14 C�rdoba;Ambos sexos;2013;25.497
TOTAL EXTRANJEROS;14 C�rdoba;Ambos sexos;2012;25.817
TOTAL EXTRANJEROS;14 C�rdoba;Ambos sexos;2011;25.894
TOTAL EXTRANJEROS;14 C�rdoba;Ambos sexos;2010;25.259
TOTAL EXTRANJEROS;14 C�rdoba;Ambos sexos;2009;24.801
TOTAL EXTRANJEROS;14 C�rdoba;Ambos sexos;2008;21.937
TOTAL EXTRANJEROS;14 C�rdoba;Ambos sexos;2007;17.087
TOTAL EXTRANJEROS;14 C�rdoba;Ambos sexos;2006;15.397
TOTAL EXTRANJEROS;14 C�rdoba;Ambos sexos;2005;13.856
TOTAL EXTRANJEROS;14 C�rdoba;Ambos sexos;2004;10.303
TOTAL EXTRANJEROS;14 C�rdoba;Ambos sexos;2003;8.445
TOTAL EXTRANJEROS;14 C�rdoba;Ambos sexos;2002;5.290
TOTAL EXTRANJEROS;14 C�rdoba;Ambos sexos;2001;3.313
TOTAL EXTRANJEROS;14 C�rdoba;Ambos sexos;2000;2.431
TOTAL EXTRANJEROS;14 C�rdoba;Ambos sexos;1999;1.977
TOTAL EXTRANJEROS;14 C�rdoba;Ambos sexos;1996;1.665
TOTAL EXTRANJEROS;15 Coru�a, A;Ambos sexos;2023;46.548
TOTAL EXTRANJEROS;15 Coru�a, A;Ambos sexos;2021;43.946
TOTAL EXTRANJEROS;15 Coru�a, A;Ambos sexos;2020;43.052
TOTAL EXTRANJEROS;15 Coru�a, A;Ambos sexos;2019;38.107
TOTAL EXTRANJEROS;15 Coru�a, A;Ambos sexos;2018;34.483
TOTAL EXTRANJEROS;15 Coru�a, A;Ambos sexos;2017;31.657
TOTAL EXTRANJEROS;15 Coru�a, A;Ambos sexos;2016;31.690
TOTAL EXTRANJEROS;15 Coru�a, A;Ambos sexos;2015;32.480
TOTAL EXTRANJEROS;15 Coru�a, A;Ambos sexos;2014;35.259
TOTAL EXTRANJEROS;15 Coru�a, A;Ambos sexos;2013;39.373
TOTAL EXTRANJEROS;15 Coru�a, A;Ambos sexos;2012;39.861
TOTAL EXTRANJEROS;15 Coru�a, A;Ambos sexos;2011;39.302
TOTAL EXTRANJEROS;15 Coru�a, A;Ambos sexos;2010;38.989
TOTAL EXTRANJEROS;15 Coru�a, A;Ambos sexos;2009;37.997
TOTAL EXTRANJEROS;15 Coru�a, A;Ambos sexos;2008;33.711
TOTAL EXTRANJEROS;15 Coru�a, A;Ambos sexos;2007;28.137
TOTAL EXTRANJEROS;15 Coru�a, A;Ambos sexos;2006;25.468
TOTAL EXTRANJEROS;15 Coru�a, A;Ambos sexos;2005;23.855
TOTAL EXTRANJEROS;15 Coru�a, A;Ambos sexos;2004;19.945
TOTAL EXTRANJEROS;15 Coru�a, A;Ambos sexos;2003;18.212
TOTAL EXTRANJEROS;15 Coru�a, A;Ambos sexos;2002;13.885
TOTAL EXTRANJEROS;15 Coru�a, A;Ambos sexos;2001;10.360
TOTAL EXTRANJEROS;15 Coru�a, A;Ambos sexos;2000;7.367
TOTAL EXTRANJEROS;15 Coru�a, A;Ambos sexos;1999;6.042
TOTAL EXTRANJEROS;15 Coru�a, A;Ambos sexos;1996;5.525
TOTAL EXTRANJEROS;16 Cuenca;Ambos sexos;2023;22.723
TOTAL EXTRANJEROS;16 Cuenca;Ambos sexos;2021;22.327
TOTAL EXTRANJEROS;16 Cuenca;Ambos sexos;2020;22.131
TOTAL EXTRANJEROS;16 Cuenca;Ambos sexos;2019;20.571
TOTAL EXTRANJEROS;16 Cuenca;Ambos sexos;2018;19.706
TOTAL EXTRANJEROS;16 Cuenca;Ambos sexos;2017;19.441
TOTAL EXTRANJEROS;16 Cuenca;Ambos sexos;2016;20.041
TOTAL EXTRANJEROS;16 Cuenca;Ambos sexos;2015;20.832
TOTAL EXTRANJEROS;16 Cuenca;Ambos sexos;2014;23.270
TOTAL EXTRANJEROS;16 Cuenca;Ambos sexos;2013;26.824
TOTAL EXTRANJEROS;16 Cuenca;Ambos sexos;2012;29.924
TOTAL EXTRANJEROS;16 Cuenca;Ambos sexos;2011;29.233
TOTAL EXTRANJEROS;16 Cuenca;Ambos sexos;2010;27.969
TOTAL EXTRANJEROS;16 Cuenca;Ambos sexos;2009;27.107
TOTAL EXTRANJEROS;16 Cuenca;Ambos sexos;2008;24.348
TOTAL EXTRANJEROS;16 Cuenca;Ambos sexos;2007;18.774
TOTAL EXTRANJEROS;16 Cuenca;Ambos sexos;2006;15.324
TOTAL EXTRANJEROS;16 Cuenca;Ambos sexos;2005;14.259
TOTAL EXTRANJEROS;16 Cuenca;Ambos sexos;2004;10.325
TOTAL EXTRANJEROS;16 Cuenca;Ambos sexos;2003;8.106
TOTAL EXTRANJEROS;16 Cuenca;Ambos sexos;2002;5.192
TOTAL EXTRANJEROS;16 Cuenca;Ambos sexos;2001;3.016
TOTAL EXTRANJEROS;16 Cuenca;Ambos sexos;2000;1.289
TOTAL EXTRANJEROS;16 Cuenca;Ambos sexos;1999;834
TOTAL EXTRANJEROS;16 Cuenca;Ambos sexos;1996;748
TOTAL EXTRANJEROS;20 Gipuzkoa;Ambos sexos;2023;61.341
TOTAL EXTRANJEROS;20 Gipuzkoa;Ambos sexos;2021;60.978
TOTAL EXTRANJEROS;20 Gipuzkoa;Ambos sexos;2020;60.285
TOTAL EXTRANJEROS;20 Gipuzkoa;Ambos sexos;2019;55.295
TOTAL EXTRANJEROS;20 Gipuzkoa;Ambos sexos;2018;51.234
TOTAL EXTRANJEROS;20 Gipuzkoa;Ambos sexos;2017;48.652
TOTAL EXTRANJEROS;20 Gipuzkoa;Ambos sexos;2016;47.592
TOTAL EXTRANJEROS;20 Gipuzkoa;Ambos sexos;2015;46.548
TOTAL EXTRANJEROS;20 Gipuzkoa;Ambos sexos;2014;46.464
TOTAL EXTRANJEROS;20 Gipuzkoa;Ambos sexos;2013;46.684
TOTAL EXTRANJEROS;20 Gipuzkoa;Ambos sexos;2012;46.132
TOTAL EXTRANJEROS;20 Gipuzkoa;Ambos sexos;2011;44.179
TOTAL EXTRANJEROS;20 Gipuzkoa;Ambos sexos;2010;42.449
TOTAL EXTRANJEROS;20 Gipuzkoa;Ambos sexos;2009;40.859
TOTAL EXTRANJEROS;20 Gipuzkoa;Ambos sexos;2008;35.935
TOTAL EXTRANJEROS;20 Gipuzkoa;Ambos sexos;2007;29.040
TOTAL EXTRANJEROS;20 Gipuzkoa;Ambos sexos;2006;25.290
TOTAL EXTRANJEROS;20 Gipuzkoa;Ambos sexos;2005;21.536
TOTAL EXTRANJEROS;20 Gipuzkoa;Ambos sexos;2004;18.232
TOTAL EXTRANJEROS;20 Gipuzkoa;Ambos sexos;2003;14.878
TOTAL EXTRANJEROS;20 Gipuzkoa;Ambos sexos;2002;11.716
TOTAL EXTRANJEROS;20 Gipuzkoa;Ambos sexos;2001;8.856
TOTAL EXTRANJEROS;20 Gipuzkoa;Ambos sexos;2000;7.903
TOTAL EXTRANJEROS;20 Gipuzkoa;Ambos sexos;1999;6.359
TOTAL EXTRANJEROS;20 Gipuzkoa;Ambos sexos;1996;5.301
TOTAL EXTRANJEROS;17 Girona;Ambos sexos;2023;162.361
TOTAL EXTRANJEROS;17 Girona;Ambos sexos;2021;160.030
TOTAL EXTRANJEROS;17 Girona;Ambos sexos;2020;160.435
TOTAL EXTRANJEROS;17 Girona;Ambos sexos;2019;152.308
TOTAL EXTRANJEROS;17 Girona;Ambos sexos;2018;144.720
TOTAL EXTRANJEROS;17 Girona;Ambos sexos;2017;140.890
TOTAL EXTRANJEROS;17 Girona;Ambos sexos;2016;141.902
TOTAL EXTRANJEROS;17 Girona;Ambos sexos;2015;143.757
TOTAL EXTRANJEROS;17 Girona;Ambos sexos;2014;150.309
TOTAL EXTRANJEROS;17 Girona;Ambos sexos;2013;161.025
TOTAL EXTRANJEROS;17 Girona;Ambos sexos;2012;163.068
TOTAL EXTRANJEROS;17 Girona;Ambos sexos;2011;161.666
TOTAL EXTRANJEROS;17 Girona;Ambos sexos;2010;162.247
TOTAL EXTRANJEROS;17 Girona;Ambos sexos;2009;160.279
TOTAL EXTRANJEROS;17 Girona;Ambos sexos;2008;149.236
TOTAL EXTRANJEROS;17 Girona;Ambos sexos;2007;129.183
TOTAL EXTRANJEROS;17 Girona;Ambos sexos;2006;116.284
TOTAL EXTRANJEROS;17 Girona;Ambos sexos;2005;100.367
TOTAL EXTRANJEROS;17 Girona;Ambos sexos;2004;79.133
TOTAL EXTRANJEROS;17 Girona;Ambos sexos;2003;69.550
TOTAL EXTRANJEROS;17 Girona;Ambos sexos;2002;53.715
TOTAL EXTRANJEROS;17 Girona;Ambos sexos;2001;40.347
TOTAL EXTRANJEROS;17 Girona;Ambos sexos;2000;34.957
TOTAL EXTRANJEROS;17 Girona;Ambos sexos;1999;29.008
TOTAL EXTRANJEROS;17 Girona;Ambos sexos;1996;22.053
TOTAL EXTRANJEROS;18 Granada;Ambos sexos;2023;69.157
TOTAL EXTRANJEROS;18 Granada;Ambos sexos;2021;67.374
TOTAL EXTRANJEROS;18 Granada;Ambos sexos;2020;65.155
TOTAL EXTRANJEROS;18 Granada;Ambos sexos;2019;60.969
TOTAL EXTRANJEROS;18 Granada;Ambos sexos;2018;57.466
TOTAL EXTRANJEROS;18 Granada;Ambos sexos;2017;56.185
TOTAL EXTRANJEROS;18 Granada;Ambos sexos;2016;57.703
TOTAL EXTRANJEROS;18 Granada;Ambos sexos;2015;59.279
TOTAL EXTRANJEROS;18 Granada;Ambos sexos;2014;62.039
TOTAL EXTRANJEROS;18 Granada;Ambos sexos;2013;64.241
TOTAL EXTRANJEROS;18 Granada;Ambos sexos;2012;68.663
TOTAL EXTRANJEROS;18 Granada;Ambos sexos;2011;67.283
TOTAL EXTRANJEROS;18 Granada;Ambos sexos;2010;64.334
TOTAL EXTRANJEROS;18 Granada;Ambos sexos;2009;61.732
TOTAL EXTRANJEROS;18 Granada;Ambos sexos;2008;58.775
TOTAL EXTRANJEROS;18 Granada;Ambos sexos;2007;48.874
TOTAL EXTRANJEROS;18 Granada;Ambos sexos;2006;43.254
TOTAL EXTRANJEROS;18 Granada;Ambos sexos;2005;36.318
TOTAL EXTRANJEROS;18 Granada;Ambos sexos;2004;26.876
TOTAL EXTRANJEROS;18 Granada;Ambos sexos;2003;23.113
TOTAL EXTRANJEROS;18 Granada;Ambos sexos;2002;15.857
TOTAL EXTRANJEROS;18 Granada;Ambos sexos;2001;11.115
TOTAL EXTRANJEROS;18 Granada;Ambos sexos;2000;8.243
TOTAL EXTRANJEROS;18 Granada;Ambos sexos;1999;7.196
TOTAL EXTRANJEROS;18 Granada;Ambos sexos;1996;6.476
TOTAL EXTRANJEROS;19 Guadalajara;Ambos sexos;2023;37.228
TOTAL EXTRANJEROS;19 Guadalajara;Ambos sexos;2021;36.246
TOTAL EXTRANJEROS;19 Guadalajara;Ambos sexos;2020;35.509
TOTAL EXTRANJEROS;19 Guadalajara;Ambos sexos;2019;32.866
TOTAL EXTRANJEROS;19 Guadalajara;Ambos sexos;2018;31.007
TOTAL EXTRANJEROS;19 Guadalajara;Ambos sexos;2017;30.408
TOTAL EXTRANJEROS;19 Guadalajara;Ambos sexos;2016;30.921
TOTAL EXTRANJEROS;19 Guadalajara;Ambos sexos;2015;32.043
TOTAL EXTRANJEROS;19 Guadalajara;Ambos sexos;2014;35.155
TOTAL EXTRANJEROS;19 Guadalajara;Ambos sexos;2013;39.368
TOTAL EXTRANJEROS;19 Guadalajara;Ambos sexos;2012;41.125
TOTAL EXTRANJEROS;19 Guadalajara;Ambos sexos;2011;40.421
TOTAL EXTRANJEROS;19 Guadalajara;Ambos sexos;2010;39.204
TOTAL EXTRANJEROS;19 Guadalajara;Ambos sexos;2009;37.852
TOTAL EXTRANJEROS;19 Guadalajara;Ambos sexos;2008;34.310
TOTAL EXTRANJEROS;19 Guadalajara;Ambos sexos;2007;25.647
TOTAL EXTRANJEROS;19 Guadalajara;Ambos sexos;2006;20.459
TOTAL EXTRANJEROS;19 Guadalajara;Ambos sexos;2005;17.316
TOTAL EXTRANJEROS;19 Guadalajara;Ambos sexos;2004;13.504
TOTAL EXTRANJEROS;19 Guadalajara;Ambos sexos;2003;10.627
TOTAL EXTRANJEROS;19 Guadalajara;Ambos sexos;2002;7.445
TOTAL EXTRANJEROS;19 Guadalajara;Ambos sexos;2001;4.452
TOTAL EXTRANJEROS;19 Guadalajara;Ambos sexos;2000;2.825
TOTAL EXTRANJEROS;19 Guadalajara;Ambos sexos;1999;2.002
TOTAL EXTRANJEROS;19 Guadalajara;Ambos sexos;1996;1.839
TOTAL EXTRANJEROS;21 Huelva;Ambos sexos;2023;51.173
TOTAL EXTRANJEROS;21 Huelva;Ambos sexos;2021;48.304
TOTAL EXTRANJEROS;21 Huelva;Ambos sexos;2020;47.380
TOTAL EXTRANJEROS;21 Huelva;Ambos sexos;2019;44.838
TOTAL EXTRANJEROS;21 Huelva;Ambos sexos;2018;42.286
TOTAL EXTRANJEROS;21 Huelva;Ambos sexos;2017;40.393
TOTAL EXTRANJEROS;21 Huelva;Ambos sexos;2016;41.302
TOTAL EXTRANJEROS;21 Huelva;Ambos sexos;2015;42.097
TOTAL EXTRANJEROS;21 Huelva;Ambos sexos;2014;43.190
TOTAL EXTRANJEROS;21 Huelva;Ambos sexos;2013;46.128
TOTAL EXTRANJEROS;21 Huelva;Ambos sexos;2012;47.251
TOTAL EXTRANJEROS;21 Huelva;Ambos sexos;2011;45.863
TOTAL EXTRANJEROS;21 Huelva;Ambos sexos;2010;42.753
TOTAL EXTRANJEROS;21 Huelva;Ambos sexos;2009;39.853
TOTAL EXTRANJEROS;21 Huelva;Ambos sexos;2008;37.110
TOTAL EXTRANJEROS;21 Huelva;Ambos sexos;2007;28.264
TOTAL EXTRANJEROS;21 Huelva;Ambos sexos;2006;24.368
TOTAL EXTRANJEROS;21 Huelva;Ambos sexos;2005;18.809
TOTAL EXTRANJEROS;21 Huelva;Ambos sexos;2004;14.428
TOTAL EXTRANJEROS;21 Huelva;Ambos sexos;2003;12.128
TOTAL EXTRANJEROS;21 Huelva;Ambos sexos;2002;9.063
TOTAL EXTRANJEROS;21 Huelva;Ambos sexos;2001;6.196
TOTAL EXTRANJEROS;21 Huelva;Ambos sexos;2000;4.228
TOTAL EXTRANJEROS;21 Huelva;Ambos sexos;1999;3.267
TOTAL EXTRANJEROS;21 Huelva;Ambos sexos;1996;2.946
TOTAL EXTRANJEROS;22 Huesca;Ambos sexos;2023;29.791
TOTAL EXTRANJEROS;22 Huesca;Ambos sexos;2021;28.824
TOTAL EXTRANJEROS;22 Huesca;Ambos sexos;2020;27.825
TOTAL EXTRANJEROS;22 Huesca;Ambos sexos;2019;25.076
TOTAL EXTRANJEROS;22 Huesca;Ambos sexos;2018;23.190
TOTAL EXTRANJEROS;22 Huesca;Ambos sexos;2017;22.533
TOTAL EXTRANJEROS;22 Huesca;Ambos sexos;2016;23.216
TOTAL EXTRANJEROS;22 Huesca;Ambos sexos;2015;23.870
TOTAL EXTRANJEROS;22 Huesca;Ambos sexos;2014;25.437
TOTAL EXTRANJEROS;22 Huesca;Ambos sexos;2013;27.495
TOTAL EXTRANJEROS;22 Huesca;Ambos sexos;2012;27.840
TOTAL EXTRANJEROS;22 Huesca;Ambos sexos;2011;27.807
TOTAL EXTRANJEROS;22 Huesca;Ambos sexos;2010;27.810
TOTAL EXTRANJEROS;22 Huesca;Ambos sexos;2009;27.329
TOTAL EXTRANJEROS;22 Huesca;Ambos sexos;2008;24.363
TOTAL EXTRANJEROS;22 Huesca;Ambos sexos;2007;19.420
TOTAL EXTRANJEROS;22 Huesca;Ambos sexos;2006;17.100
TOTAL EXTRANJEROS;22 Huesca;Ambos sexos;2005;15.132
TOTAL EXTRANJEROS;22 Huesca;Ambos sexos;2004;11.905
TOTAL EXTRANJEROS;22 Huesca;Ambos sexos;2003;9.678
TOTAL EXTRANJEROS;22 Huesca;Ambos sexos;2002;6.658
TOTAL EXTRANJEROS;22 Huesca;Ambos sexos;2001;3.637
TOTAL EXTRANJEROS;22 Huesca;Ambos sexos;2000;2.150
TOTAL EXTRANJEROS;22 Huesca;Ambos sexos;1999;1.459
TOTAL EXTRANJEROS;22 Huesca;Ambos sexos;1996;1.251
TOTAL EXTRANJEROS;23 Ja�n;Ambos sexos;2023;17.665
TOTAL EXTRANJEROS;23 Ja�n;Ambos sexos;2021;16.900
TOTAL EXTRANJEROS;23 Ja�n;Ambos sexos;2020;16.413
TOTAL EXTRANJEROS;23 Ja�n;Ambos sexos;2019;15.372
TOTAL EXTRANJEROS;23 Ja�n;Ambos sexos;2018;15.126
TOTAL EXTRANJEROS;23 Ja�n;Ambos sexos;2017;15.507
TOTAL EXTRANJEROS;23 Ja�n;Ambos sexos;2016;16.392
TOTAL EXTRANJEROS;23 Ja�n;Ambos sexos;2015;17.235
TOTAL EXTRANJEROS;23 Ja�n;Ambos sexos;2014;19.078
TOTAL EXTRANJEROS;23 Ja�n;Ambos sexos;2013;22.392
TOTAL EXTRANJEROS;23 Ja�n;Ambos sexos;2012;24.522
TOTAL EXTRANJEROS;23 Ja�n;Ambos sexos;2011;22.270
TOTAL EXTRANJEROS;23 Ja�n;Ambos sexos;2010;20.667
TOTAL EXTRANJEROS;23 Ja�n;Ambos sexos;2009;19.583
TOTAL EXTRANJEROS;23 Ja�n;Ambos sexos;2008;18.572
TOTAL EXTRANJEROS;23 Ja�n;Ambos sexos;2007;14.685
TOTAL EXTRANJEROS;23 Ja�n;Ambos sexos;2006;13.061
TOTAL EXTRANJEROS;23 Ja�n;Ambos sexos;2005;11.388
TOTAL EXTRANJEROS;23 Ja�n;Ambos sexos;2004;8.745
TOTAL EXTRANJEROS;23 Ja�n;Ambos sexos;2003;7.149
TOTAL EXTRANJEROS;23 Ja�n;Ambos sexos;2002;4.759
TOTAL EXTRANJEROS;23 Ja�n;Ambos sexos;2001;3.001
TOTAL EXTRANJEROS;23 Ja�n;Ambos sexos;2000;2.091
TOTAL EXTRANJEROS;23 Ja�n;Ambos sexos;1999;1.651
TOTAL EXTRANJEROS;23 Ja�n;Ambos sexos;1996;1.426
TOTAL EXTRANJEROS;24 Le�n;Ambos sexos;2023;20.422
TOTAL EXTRANJEROS;24 Le�n;Ambos sexos;2021;20.231
TOTAL EXTRANJEROS;24 Le�n;Ambos sexos;2020;20.345
TOTAL EXTRANJEROS;24 Le�n;Ambos sexos;2019;19.109
TOTAL EXTRANJEROS;24 Le�n;Ambos sexos;2018;18.493
TOTAL EXTRANJEROS;24 Le�n;Ambos sexos;2017;18.245
TOTAL EXTRANJEROS;24 Le�n;Ambos sexos;2016;19.129
TOTAL EXTRANJEROS;24 Le�n;Ambos sexos;2015;20.613
TOTAL EXTRANJEROS;24 Le�n;Ambos sexos;2014;22.782
TOTAL EXTRANJEROS;24 Le�n;Ambos sexos;2013;25.255
TOTAL EXTRANJEROS;24 Le�n;Ambos sexos;2012;26.161
TOTAL EXTRANJEROS;24 Le�n;Ambos sexos;2011;26.260
TOTAL EXTRANJEROS;24 Le�n;Ambos sexos;2010;25.963
TOTAL EXTRANJEROS;24 Le�n;Ambos sexos;2009;25.080
TOTAL EXTRANJEROS;24 Le�n;Ambos sexos;2008;23.380
TOTAL EXTRANJEROS;24 Le�n;Ambos sexos;2007;19.265
TOTAL EXTRANJEROS;24 Le�n;Ambos sexos;2006;17.201
TOTAL EXTRANJEROS;24 Le�n;Ambos sexos;2005;14.184
TOTAL EXTRANJEROS;24 Le�n;Ambos sexos;2004;11.577
TOTAL EXTRANJEROS;24 Le�n;Ambos sexos;2003;11.475
TOTAL EXTRANJEROS;24 Le�n;Ambos sexos;2002;9.527
TOTAL EXTRANJEROS;24 Le�n;Ambos sexos;2001;7.778
TOTAL EXTRANJEROS;24 Le�n;Ambos sexos;2000;7.045
TOTAL EXTRANJEROS;24 Le�n;Ambos sexos;1999;6.611
TOTAL EXTRANJEROS;24 Le�n;Ambos sexos;1996;6.123
TOTAL EXTRANJEROS;25 Lleida;Ambos sexos;2023;83.295
TOTAL EXTRANJEROS;25 Lleida;Ambos sexos;2021;81.392
TOTAL EXTRANJEROS;25 Lleida;Ambos sexos;2020;79.833
TOTAL EXTRANJEROS;25 Lleida;Ambos sexos;2019;75.642
TOTAL EXTRANJEROS;25 Lleida;Ambos sexos;2018;72.654
TOTAL EXTRANJEROS;25 Lleida;Ambos sexos;2017;71.479
TOTAL EXTRANJEROS;25 Lleida;Ambos sexos;2016;73.295
TOTAL EXTRANJEROS;25 Lleida;Ambos sexos;2015;74.435
TOTAL EXTRANJEROS;25 Lleida;Ambos sexos;2014;77.045
TOTAL EXTRANJEROS;25 Lleida;Ambos sexos;2013;81.145
TOTAL EXTRANJEROS;25 Lleida;Ambos sexos;2012;82.053
TOTAL EXTRANJEROS;25 Lleida;Ambos sexos;2011;81.762
TOTAL EXTRANJEROS;25 Lleida;Ambos sexos;2010;80.490
TOTAL EXTRANJEROS;25 Lleida;Ambos sexos;2009;77.784
TOTAL EXTRANJEROS;25 Lleida;Ambos sexos;2008;69.366
TOTAL EXTRANJEROS;25 Lleida;Ambos sexos;2007;57.560
TOTAL EXTRANJEROS;25 Lleida;Ambos sexos;2006;52.633
TOTAL EXTRANJEROS;25 Lleida;Ambos sexos;2005;45.144
TOTAL EXTRANJEROS;25 Lleida;Ambos sexos;2004;31.370
TOTAL EXTRANJEROS;25 Lleida;Ambos sexos;2003;24.107
TOTAL EXTRANJEROS;25 Lleida;Ambos sexos;2002;17.111
TOTAL EXTRANJEROS;25 Lleida;Ambos sexos;2001;11.033
TOTAL EXTRANJEROS;25 Lleida;Ambos sexos;2000;9.451
TOTAL EXTRANJEROS;25 Lleida;Ambos sexos;1999;7.366
TOTAL EXTRANJEROS;25 Lleida;Ambos sexos;1996;5.047
TOTAL EXTRANJEROS;27 Lugo;Ambos sexos;2023;16.859
TOTAL EXTRANJEROS;27 Lugo;Ambos sexos;2021;16.513
TOTAL EXTRANJEROS;27 Lugo;Ambos sexos;2020;16.153
TOTAL EXTRANJEROS;27 Lugo;Ambos sexos;2019;14.584
TOTAL EXTRANJEROS;27 Lugo;Ambos sexos;2018;13.398
TOTAL EXTRANJEROS;27 Lugo;Ambos sexos;2017;12.636
TOTAL EXTRANJEROS;27 Lugo;Ambos sexos;2016;12.666
TOTAL EXTRANJEROS;27 Lugo;Ambos sexos;2015;12.640
TOTAL EXTRANJEROS;27 Lugo;Ambos sexos;2014;13.604
TOTAL EXTRANJEROS;27 Lugo;Ambos sexos;2013;14.764
TOTAL EXTRANJEROS;27 Lugo;Ambos sexos;2012;14.738
TOTAL EXTRANJEROS;27 Lugo;Ambos sexos;2011;14.502
TOTAL EXTRANJEROS;27 Lugo;Ambos sexos;2010;14.176
TOTAL EXTRANJEROS;27 Lugo;Ambos sexos;2009;13.597
TOTAL EXTRANJEROS;27 Lugo;Ambos sexos;2008;11.582
TOTAL EXTRANJEROS;27 Lugo;Ambos sexos;2007;9.076
TOTAL EXTRANJEROS;27 Lugo;Ambos sexos;2006;7.992
TOTAL EXTRANJEROS;27 Lugo;Ambos sexos;2005;6.930
TOTAL EXTRANJEROS;27 Lugo;Ambos sexos;2004;5.542
TOTAL EXTRANJEROS;27 Lugo;Ambos sexos;2003;5.229
TOTAL EXTRANJEROS;27 Lugo;Ambos sexos;2002;4.231
TOTAL EXTRANJEROS;27 Lugo;Ambos sexos;2001;3.398
TOTAL EXTRANJEROS;27 Lugo;Ambos sexos;2000;3.083
TOTAL EXTRANJEROS;27 Lugo;Ambos sexos;1999;2.700
TOTAL EXTRANJEROS;27 Lugo;Ambos sexos;1996;2.396
TOTAL EXTRANJEROS;28 Madrid;Ambos sexos;2023;949.969
TOTAL EXTRANJEROS;28 Madrid;Ambos sexos;2021;955.122
TOTAL EXTRANJEROS;28 Madrid;Ambos sexos;2020;955.714
TOTAL EXTRANJEROS;28 Madrid;Ambos sexos;2019;881.819
TOTAL EXTRANJEROS;28 Madrid;Ambos sexos;2018;826.456
TOTAL EXTRANJEROS;28 Madrid;Ambos sexos;2017;795.271
TOTAL EXTRANJEROS;28 Madrid;Ambos sexos;2016;792.627
TOTAL EXTRANJEROS;28 Madrid;Ambos sexos;2015;811.128
TOTAL EXTRANJEROS;28 Madrid;Ambos sexos;2014;879.953
TOTAL EXTRANJEROS;28 Madrid;Ambos sexos;2013;960.121
TOTAL EXTRANJEROS;28 Madrid;Ambos sexos;2012;1.015.054
TOTAL EXTRANJEROS;28 Madrid;Ambos sexos;2011;1.067.585
TOTAL EXTRANJEROS;28 Madrid;Ambos sexos;2010;1.079.944
TOTAL EXTRANJEROS;28 Madrid;Ambos sexos;2009;1.063.803
TOTAL EXTRANJEROS;28 Madrid;Ambos sexos;2008;1.005.381
TOTAL EXTRANJEROS;28 Madrid;Ambos sexos;2007;866.910
TOTAL EXTRANJEROS;28 Madrid;Ambos sexos;2006;800.512
TOTAL EXTRANJEROS;28 Madrid;Ambos sexos;2005;780.752
TOTAL EXTRANJEROS;28 Madrid;Ambos sexos;2004;664.255
TOTAL EXTRANJEROS;28 Madrid;Ambos sexos;2003;589.215
TOTAL EXTRANJEROS;28 Madrid;Ambos sexos;2002;444.440
TOTAL EXTRANJEROS;28 Madrid;Ambos sexos;2001;305.656
TOTAL EXTRANJEROS;28 Madrid;Ambos sexos;2000;165.734
TOTAL EXTRANJEROS;28 Madrid;Ambos sexos;1999;134.165
TOTAL EXTRANJEROS;28 Madrid;Ambos sexos;1996;115.202
TOTAL EXTRANJEROS;29 M�laga;Ambos sexos;2023;287.344
TOTAL EXTRANJEROS;29 M�laga;Ambos sexos;2021;273.001
TOTAL EXTRANJEROS;29 M�laga;Ambos sexos;2020;270.206
TOTAL EXTRANJEROS;29 M�laga;Ambos sexos;2019;253.153
TOTAL EXTRANJEROS;29 M�laga;Ambos sexos;2018;238.312
TOTAL EXTRANJEROS;29 M�laga;Ambos sexos;2017;232.952
TOTAL EXTRANJEROS;29 M�laga;Ambos sexos;2016;239.810
TOTAL EXTRANJEROS;29 M�laga;Ambos sexos;2015;247.903
TOTAL EXTRANJEROS;29 M�laga;Ambos sexos;2014;253.408
TOTAL EXTRANJEROS;29 M�laga;Ambos sexos;2013;296.337
TOTAL EXTRANJEROS;29 M�laga;Ambos sexos;2012;292.257
TOTAL EXTRANJEROS;29 M�laga;Ambos sexos;2011;283.498
TOTAL EXTRANJEROS;29 M�laga;Ambos sexos;2010;275.027
TOTAL EXTRANJEROS;29 M�laga;Ambos sexos;2009;267.824
TOTAL EXTRANJEROS;29 M�laga;Ambos sexos;2008;250.432
TOTAL EXTRANJEROS;29 M�laga;Ambos sexos;2007;219.955
TOTAL EXTRANJEROS;29 M�laga;Ambos sexos;2006;203.977
TOTAL EXTRANJEROS;29 M�laga;Ambos sexos;2005;181.589
TOTAL EXTRANJEROS;29 M�laga;Ambos sexos;2004;144.462
TOTAL EXTRANJEROS;29 M�laga;Ambos sexos;2003;130.146
TOTAL EXTRANJEROS;29 M�laga;Ambos sexos;2002;104.128
TOTAL EXTRANJEROS;29 M�laga;Ambos sexos;2001;85.480
TOTAL EXTRANJEROS;29 M�laga;Ambos sexos;2000;73.419
TOTAL EXTRANJEROS;29 M�laga;Ambos sexos;1999;64.411
TOTAL EXTRANJEROS;29 M�laga;Ambos sexos;1996;59.614
TOTAL EXTRANJEROS;30 Murcia;Ambos sexos;2023;226.765
TOTAL EXTRANJEROS;30 Murcia;Ambos sexos;2021;222.324
TOTAL EXTRANJEROS;30 Murcia;Ambos sexos;2020;222.217
TOTAL EXTRANJEROS;30 Murcia;Ambos sexos;2019;211.239
TOTAL EXTRANJEROS;30 Murcia;Ambos sexos;2018;202.432
TOTAL EXTRANJEROS;30 Murcia;Ambos sexos;2017;198.265
TOTAL EXTRANJEROS;30 Murcia;Ambos sexos;2016;201.255
TOTAL EXTRANJEROS;30 Murcia;Ambos sexos;2015;208.355
TOTAL EXTRANJEROS;30 Murcia;Ambos sexos;2014;215.869
TOTAL EXTRANJEROS;30 Murcia;Ambos sexos;2013;231.022
TOTAL EXTRANJEROS;30 Murcia;Ambos sexos;2012;238.393
TOTAL EXTRANJEROS;30 Murcia;Ambos sexos;2011;240.863
TOTAL EXTRANJEROS;30 Murcia;Ambos sexos;2010;241.865
TOTAL EXTRANJEROS;30 Murcia;Ambos sexos;2009;235.991
TOTAL EXTRANJEROS;30 Murcia;Ambos sexos;2008;225.625
TOTAL EXTRANJEROS;30 Murcia;Ambos sexos;2007;201.700
TOTAL EXTRANJEROS;30 Murcia;Ambos sexos;2006;189.053
TOTAL EXTRANJEROS;30 Murcia;Ambos sexos;2005;165.016
TOTAL EXTRANJEROS;30 Murcia;Ambos sexos;2004;132.918
TOTAL EXTRANJEROS;30 Murcia;Ambos sexos;2003;113.912
TOTAL EXTRANJEROS;30 Murcia;Ambos sexos;2002;83.511
TOTAL EXTRANJEROS;30 Murcia;Ambos sexos;2001;55.458
TOTAL EXTRANJEROS;30 Murcia;Ambos sexos;2000;26.189
TOTAL EXTRANJEROS;30 Murcia;Ambos sexos;1999;17.237
TOTAL EXTRANJEROS;30 Murcia;Ambos sexos;1996;11.916
TOTAL EXTRANJEROS;31 Navarra;Ambos sexos;2023;73.475
TOTAL EXTRANJEROS;31 Navarra;Ambos sexos;2021;71.441
TOTAL EXTRANJEROS;31 Navarra;Ambos sexos;2020;70.666
TOTAL EXTRANJEROS;31 Navarra;Ambos sexos;2019;64.219
TOTAL EXTRANJEROS;31 Navarra;Ambos sexos;2018;58.782
TOTAL EXTRANJEROS;31 Navarra;Ambos sexos;2017;54.653
TOTAL EXTRANJEROS;31 Navarra;Ambos sexos;2016;54.826
TOTAL EXTRANJEROS;31 Navarra;Ambos sexos;2015;55.893
TOTAL EXTRANJEROS;31 Navarra;Ambos sexos;2014;59.550
TOTAL EXTRANJEROS;31 Navarra;Ambos sexos;2013;67.892
TOTAL EXTRANJEROS;31 Navarra;Ambos sexos;2012;69.623
TOTAL EXTRANJEROS;31 Navarra;Ambos sexos;2011;71.600
TOTAL EXTRANJEROS;31 Navarra;Ambos sexos;2010;71.369
TOTAL EXTRANJEROS;31 Navarra;Ambos sexos;2009;70.627
TOTAL EXTRANJEROS;31 Navarra;Ambos sexos;2008;65.045
TOTAL EXTRANJEROS;31 Navarra;Ambos sexos;2007;55.921
TOTAL EXTRANJEROS;31 Navarra;Ambos sexos;2006;55.444
TOTAL EXTRANJEROS;31 Navarra;Ambos sexos;2005;49.882
TOTAL EXTRANJEROS;31 Navarra;Ambos sexos;2004;43.376
TOTAL EXTRANJEROS;31 Navarra;Ambos sexos;2003;38.741
TOTAL EXTRANJEROS;31 Navarra;Ambos sexos;2002;30.686
TOTAL EXTRANJEROS;31 Navarra;Ambos sexos;2001;19.497
TOTAL EXTRANJEROS;31 Navarra;Ambos sexos;2000;9.188
TOTAL EXTRANJEROS;31 Navarra;Ambos sexos;1999;5.971
TOTAL EXTRANJEROS;31 Navarra;Ambos sexos;1996;4.313
TOTAL EXTRANJEROS;32 Ourense;Ambos sexos;2023;16.525
TOTAL EXTRANJEROS;32 Ourense;Ambos sexos;2021;16.057
TOTAL EXTRANJEROS;32 Ourense;Ambos sexos;2020;15.633
TOTAL EXTRANJEROS;32 Ourense;Ambos sexos;2019;14.171
TOTAL EXTRANJEROS;32 Ourense;Ambos sexos;2018;13.264
TOTAL EXTRANJEROS;32 Ourense;Ambos sexos;2017;12.765
TOTAL EXTRANJEROS;32 Ourense;Ambos sexos;2016;13.052
TOTAL EXTRANJEROS;32 Ourense;Ambos sexos;2015;13.554
TOTAL EXTRANJEROS;32 Ourense;Ambos sexos;2014;14.586
TOTAL EXTRANJEROS;32 Ourense;Ambos sexos;2013;16.417
TOTAL EXTRANJEROS;32 Ourense;Ambos sexos;2012;16.946
TOTAL EXTRANJEROS;32 Ourense;Ambos sexos;2011;16.750
TOTAL EXTRANJEROS;32 Ourense;Ambos sexos;2010;16.711
TOTAL EXTRANJEROS;32 Ourense;Ambos sexos;2009;15.558
TOTAL EXTRANJEROS;32 Ourense;Ambos sexos;2008;14.006
TOTAL EXTRANJEROS;32 Ourense;Ambos sexos;2007;12.424
TOTAL EXTRANJEROS;32 Ourense;Ambos sexos;2006;12.116
TOTAL EXTRANJEROS;32 Ourense;Ambos sexos;2005;11.343
TOTAL EXTRANJEROS;32 Ourense;Ambos sexos;2004;10.283
TOTAL EXTRANJEROS;32 Ourense;Ambos sexos;2003;10.055
TOTAL EXTRANJEROS;32 Ourense;Ambos sexos;2002;9.132
TOTAL EXTRANJEROS;32 Ourense;Ambos sexos;2001;7.927
TOTAL EXTRANJEROS;32 Ourense;Ambos sexos;2000;6.644
TOTAL EXTRANJEROS;32 Ourense;Ambos sexos;1999;5.983
TOTAL EXTRANJEROS;32 Ourense;Ambos sexos;1996;5.353
TOTAL EXTRANJEROS;34 Palencia;Ambos sexos;2023;7.468
TOTAL EXTRANJEROS;34 Palencia;Ambos sexos;2021;7.327
TOTAL EXTRANJEROS;34 Palencia;Ambos sexos;2020;7.166
TOTAL EXTRANJEROS;34 Palencia;Ambos sexos;2019;6.612
TOTAL EXTRANJEROS;34 Palencia;Ambos sexos;2018;6.288
TOTAL EXTRANJEROS;34 Palencia;Ambos sexos;2017;6.080
TOTAL EXTRANJEROS;34 Palencia;Ambos sexos;2016;6.190
TOTAL EXTRANJEROS;34 Palencia;Ambos sexos;2015;6.300
TOTAL EXTRANJEROS;34 Palencia;Ambos sexos;2014;6.586
TOTAL EXTRANJEROS;34 Palencia;Ambos sexos;2013;7.244
TOTAL EXTRANJEROS;34 Palencia;Ambos sexos;2012;7.603
TOTAL EXTRANJEROS;34 Palencia;Ambos sexos;2011;7.454
TOTAL EXTRANJEROS;34 Palencia;Ambos sexos;2010;7.209
TOTAL EXTRANJEROS;34 Palencia;Ambos sexos;2009;6.873
TOTAL EXTRANJEROS;34 Palencia;Ambos sexos;2008;5.998
TOTAL EXTRANJEROS;34 Palencia;Ambos sexos;2007;4.631
TOTAL EXTRANJEROS;34 Palencia;Ambos sexos;2006;4.029
TOTAL EXTRANJEROS;34 Palencia;Ambos sexos;2005;3.524
TOTAL EXTRANJEROS;34 Palencia;Ambos sexos;2004;2.765
TOTAL EXTRANJEROS;34 Palencia;Ambos sexos;2003;2.237
TOTAL EXTRANJEROS;34 Palencia;Ambos sexos;2002;1.724
TOTAL EXTRANJEROS;34 Palencia;Ambos sexos;2001;1.177
TOTAL EXTRANJEROS;34 Palencia;Ambos sexos;2000;790
TOTAL EXTRANJEROS;34 Palencia;Ambos sexos;1999;667
TOTAL EXTRANJEROS;34 Palencia;Ambos sexos;1996;651
TOTAL EXTRANJEROS;35 Palmas, Las;Ambos sexos;2023;142.828
TOTAL EXTRANJEROS;35 Palmas, Las;Ambos sexos;2021;143.898
TOTAL EXTRANJEROS;35 Palmas, Las;Ambos sexos;2020;146.721
TOTAL EXTRANJEROS;35 Palmas, Las;Ambos sexos;2019;138.560
TOTAL EXTRANJEROS;35 Palmas, Las;Ambos sexos;2018;131.478
TOTAL EXTRANJEROS;35 Palmas, Las;Ambos sexos;2017;125.716
TOTAL EXTRANJEROS;35 Palmas, Las;Ambos sexos;2016;126.817
TOTAL EXTRANJEROS;35 Palmas, Las;Ambos sexos;2015;131.298
TOTAL EXTRANJEROS;35 Palmas, Las;Ambos sexos;2014;139.912
TOTAL EXTRANJEROS;35 Palmas, Las;Ambos sexos;2013;154.789
TOTAL EXTRANJEROS;35 Palmas, Las;Ambos sexos;2012;157.867
TOTAL EXTRANJEROS;35 Palmas, Las;Ambos sexos;2011;156.395
TOTAL EXTRANJEROS;35 Palmas, Las;Ambos sexos;2010;154.052
TOTAL EXTRANJEROS;35 Palmas, Las;Ambos sexos;2009;151.294
TOTAL EXTRANJEROS;35 Palmas, Las;Ambos sexos;2008;142.757
TOTAL EXTRANJEROS;35 Palmas, Las;Ambos sexos;2007;123.899
TOTAL EXTRANJEROS;35 Palmas, Las;Ambos sexos;2006;113.782
TOTAL EXTRANJEROS;35 Palmas, Las;Ambos sexos;2005;108.793
TOTAL EXTRANJEROS;35 Palmas, Las;Ambos sexos;2004;91.080
TOTAL EXTRANJEROS;35 Palmas, Las;Ambos sexos;2003;89.370
TOTAL EXTRANJEROS;35 Palmas, Las;Ambos sexos;2002;69.484
TOTAL EXTRANJEROS;35 Palmas, Las;Ambos sexos;2001;52.379
TOTAL EXTRANJEROS;35 Palmas, Las;Ambos sexos;2000;37.608
TOTAL EXTRANJEROS;35 Palmas, Las;Ambos sexos;1999;30.582
TOTAL EXTRANJEROS;35 Palmas, Las;Ambos sexos;1996;25.527
TOTAL EXTRANJEROS;36 Pontevedra;Ambos sexos;2023;38.808
TOTAL EXTRANJEROS;36 Pontevedra;Ambos sexos;2021;38.018
TOTAL EXTRANJEROS;36 Pontevedra;Ambos sexos;2020;37.800
TOTAL EXTRANJEROS;36 Pontevedra;Ambos sexos;2019;34.006
TOTAL EXTRANJEROS;36 Pontevedra;Ambos sexos;2018;31.413
TOTAL EXTRANJEROS;36 Pontevedra;Ambos sexos;2017;30.131
TOTAL EXTRANJEROS;36 Pontevedra;Ambos sexos;2016;30.558
TOTAL EXTRANJEROS;36 Pontevedra;Ambos sexos;2015;31.967
TOTAL EXTRANJEROS;36 Pontevedra;Ambos sexos;2014;34.796
TOTAL EXTRANJEROS;36 Pontevedra;Ambos sexos;2013;39.408
TOTAL EXTRANJEROS;36 Pontevedra;Ambos sexos;2012;40.638
TOTAL EXTRANJEROS;36 Pontevedra;Ambos sexos;2011;39.914
TOTAL EXTRANJEROS;36 Pontevedra;Ambos sexos;2010;39.794
TOTAL EXTRANJEROS;36 Pontevedra;Ambos sexos;2009;39.485
TOTAL EXTRANJEROS;36 Pontevedra;Ambos sexos;2008;36.269
TOTAL EXTRANJEROS;36 Pontevedra;Ambos sexos;2007;31.805
TOTAL EXTRANJEROS;36 Pontevedra;Ambos sexos;2006;28.180
TOTAL EXTRANJEROS;36 Pontevedra;Ambos sexos;2005;27.235
TOTAL EXTRANJEROS;36 Pontevedra;Ambos sexos;2004;22.617
TOTAL EXTRANJEROS;36 Pontevedra;Ambos sexos;2003;20.312
TOTAL EXTRANJEROS;36 Pontevedra;Ambos sexos;2002;15.214
TOTAL EXTRANJEROS;36 Pontevedra;Ambos sexos;2001;11.373
TOTAL EXTRANJEROS;36 Pontevedra;Ambos sexos;2000;8.508
TOTAL EXTRANJEROS;36 Pontevedra;Ambos sexos;1999;7.062
TOTAL EXTRANJEROS;36 Pontevedra;Ambos sexos;1996;6.419
TOTAL EXTRANJEROS;26 Rioja, La;Ambos sexos;2023;41.755
TOTAL EXTRANJEROS;26 Rioja, La;Ambos sexos;2021;40.891
TOTAL EXTRANJEROS;26 Rioja, La;Ambos sexos;2020;40.210
TOTAL EXTRANJEROS;26 Rioja, La;Ambos sexos;2019;37.230
TOTAL EXTRANJEROS;26 Rioja, La;Ambos sexos;2018;35.657
TOTAL EXTRANJEROS;26 Rioja, La;Ambos sexos;2017;35.046
TOTAL EXTRANJEROS;26 Rioja, La;Ambos sexos;2016;35.602
TOTAL EXTRANJEROS;26 Rioja, La;Ambos sexos;2015;36.816
TOTAL EXTRANJEROS;26 Rioja, La;Ambos sexos;2014;40.018
TOTAL EXTRANJEROS;26 Rioja, La;Ambos sexos;2013;44.404
TOTAL EXTRANJEROS;26 Rioja, La;Ambos sexos;2012;46.373
TOTAL EXTRANJEROS;26 Rioja, La;Ambos sexos;2011;46.288
TOTAL EXTRANJEROS;26 Rioja, La;Ambos sexos;2010;46.680
TOTAL EXTRANJEROS;26 Rioja, La;Ambos sexos;2009;46.931
TOTAL EXTRANJEROS;26 Rioja, La;Ambos sexos;2008;43.856
TOTAL EXTRANJEROS;26 Rioja, La;Ambos sexos;2007;36.825
TOTAL EXTRANJEROS;26 Rioja, La;Ambos sexos;2006;35.037
TOTAL EXTRANJEROS;26 Rioja, La;Ambos sexos;2005;31.075
TOTAL EXTRANJEROS;26 Rioja, La;Ambos sexos;2004;24.988
TOTAL EXTRANJEROS;26 Rioja, La;Ambos sexos;2003;20.570
TOTAL EXTRANJEROS;26 Rioja, La;Ambos sexos;2002;15.288
TOTAL EXTRANJEROS;26 Rioja, La;Ambos sexos;2001;8.193
TOTAL EXTRANJEROS;26 Rioja, La;Ambos sexos;2000;4.397
TOTAL EXTRANJEROS;26 Rioja, La;Ambos sexos;1999;3.320
TOTAL EXTRANJEROS;26 Rioja, La;Ambos sexos;1996;2.539
TOTAL EXTRANJEROS;37 Salamanca;Ambos sexos;2023;15.856
TOTAL EXTRANJEROS;37 Salamanca;Ambos sexos;2021;15.269
TOTAL EXTRANJEROS;37 Salamanca;Ambos sexos;2020;14.893
TOTAL EXTRANJEROS;37 Salamanca;Ambos sexos;2019;13.287
TOTAL EXTRANJEROS;37 Salamanca;Ambos sexos;2018;12.336
TOTAL EXTRANJEROS;37 Salamanca;Ambos sexos;2017;11.752
TOTAL EXTRANJEROS;37 Salamanca;Ambos sexos;2016;12.215
TOTAL EXTRANJEROS;37 Salamanca;Ambos sexos;2015;12.798
TOTAL EXTRANJEROS;37 Salamanca;Ambos sexos;2014;13.937
TOTAL EXTRANJEROS;37 Salamanca;Ambos sexos;2013;16.271
TOTAL EXTRANJEROS;37 Salamanca;Ambos sexos;2012;17.831
TOTAL EXTRANJEROS;37 Salamanca;Ambos sexos;2011;17.669
TOTAL EXTRANJEROS;37 Salamanca;Ambos sexos;2010;17.506
TOTAL EXTRANJEROS;37 Salamanca;Ambos sexos;2009;17.319
TOTAL EXTRANJEROS;37 Salamanca;Ambos sexos;2008;15.355
TOTAL EXTRANJEROS;37 Salamanca;Ambos sexos;2007;12.307
TOTAL EXTRANJEROS;37 Salamanca;Ambos sexos;2006;12.504
TOTAL EXTRANJEROS;37 Salamanca;Ambos sexos;2005;11.080
TOTAL EXTRANJEROS;37 Salamanca;Ambos sexos;2004;8.838
TOTAL EXTRANJEROS;37 Salamanca;Ambos sexos;2003;7.034
TOTAL EXTRANJEROS;37 Salamanca;Ambos sexos;2002;4.867
TOTAL EXTRANJEROS;37 Salamanca;Ambos sexos;2001;3.684
TOTAL EXTRANJEROS;37 Salamanca;Ambos sexos;2000;2.371
TOTAL EXTRANJEROS;37 Salamanca;Ambos sexos;1999;1.980
TOTAL EXTRANJEROS;37 Salamanca;Ambos sexos;1996;1.968
TOTAL EXTRANJEROS;38 Santa Cruz de Tenerife;Ambos sexos;2023;145.661
TOTAL EXTRANJEROS;38 Santa Cruz de Tenerife;Ambos sexos;2021;143.928
TOTAL EXTRANJEROS;38 Santa Cruz de Tenerife;Ambos sexos;2020;145.821
TOTAL EXTRANJEROS;38 Santa Cruz de Tenerife;Ambos sexos;2019;138.474
TOTAL EXTRANJEROS;38 Santa Cruz de Tenerife;Ambos sexos;2018;128.713
TOTAL EXTRANJEROS;38 Santa Cruz de Tenerife;Ambos sexos;2017;121.042
TOTAL EXTRANJEROS;38 Santa Cruz de Tenerife;Ambos sexos;2016;122.597
TOTAL EXTRANJEROS;38 Santa Cruz de Tenerife;Ambos sexos;2015;121.809
TOTAL EXTRANJEROS;38 Santa Cruz de Tenerife;Ambos sexos;2014;127.226
TOTAL EXTRANJEROS;38 Santa Cruz de Tenerife;Ambos sexos;2013;146.445
TOTAL EXTRANJEROS;38 Santa Cruz de Tenerife;Ambos sexos;2012;152.974
TOTAL EXTRANJEROS;38 Santa Cruz de Tenerife;Ambos sexos;2011;150.614
TOTAL EXTRANJEROS;38 Santa Cruz de Tenerife;Ambos sexos;2010;153.327
TOTAL EXTRANJEROS;38 Santa Cruz de Tenerife;Ambos sexos;2009;149.910
TOTAL EXTRANJEROS;38 Santa Cruz de Tenerife;Ambos sexos;2008;141.090
TOTAL EXTRANJEROS;38 Santa Cruz de Tenerife;Ambos sexos;2007;126.837
TOTAL EXTRANJEROS;38 Santa Cruz de Tenerife;Ambos sexos;2006;119.665
TOTAL EXTRANJEROS;38 Santa Cruz de Tenerife;Ambos sexos;2005;113.467
TOTAL EXTRANJEROS;38 Santa Cruz de Tenerife;Ambos sexos;2004;94.701
TOTAL EXTRANJEROS;38 Santa Cruz de Tenerife;Ambos sexos;2003;90.123
TOTAL EXTRANJEROS;38 Santa Cruz de Tenerife;Ambos sexos;2002;73.654
TOTAL EXTRANJEROS;38 Santa Cruz de Tenerife;Ambos sexos;2001;55.551
TOTAL EXTRANJEROS;38 Santa Cruz de Tenerife;Ambos sexos;2000;39.588
TOTAL EXTRANJEROS;38 Santa Cruz de Tenerife;Ambos sexos;1999;32.095
TOTAL EXTRANJEROS;38 Santa Cruz de Tenerife;Ambos sexos;1996;29.691
TOTAL EXTRANJEROS;40 Segovia;Ambos sexos;2023;18.218
TOTAL EXTRANJEROS;40 Segovia;Ambos sexos;2021;18.022
TOTAL EXTRANJEROS;40 Segovia;Ambos sexos;2020;17.965
TOTAL EXTRANJEROS;40 Segovia;Ambos sexos;2019;16.864
TOTAL EXTRANJEROS;40 Segovia;Ambos sexos;2018;16.140
TOTAL EXTRANJEROS;40 Segovia;Ambos sexos;2017;16.016
TOTAL EXTRANJEROS;40 Segovia;Ambos sexos;2016;16.774
TOTAL EXTRANJEROS;40 Segovia;Ambos sexos;2015;17.625
TOTAL EXTRANJEROS;40 Segovia;Ambos sexos;2014;18.948
TOTAL EXTRANJEROS;40 Segovia;Ambos sexos;2013;20.797
TOTAL EXTRANJEROS;40 Segovia;Ambos sexos;2012;21.730
TOTAL EXTRANJEROS;40 Segovia;Ambos sexos;2011;21.206
TOTAL EXTRANJEROS;40 Segovia;Ambos sexos;2010;21.074
TOTAL EXTRANJEROS;40 Segovia;Ambos sexos;2009;21.512
TOTAL EXTRANJEROS;40 Segovia;Ambos sexos;2008;20.451
TOTAL EXTRANJEROS;40 Segovia;Ambos sexos;2007;15.729
TOTAL EXTRANJEROS;40 Segovia;Ambos sexos;2006;12.810
TOTAL EXTRANJEROS;40 Segovia;Ambos sexos;2005;11.933
TOTAL EXTRANJEROS;40 Segovia;Ambos sexos;2004;9.370
TOTAL EXTRANJEROS;40 Segovia;Ambos sexos;2003;7.470
TOTAL EXTRANJEROS;40 Segovia;Ambos sexos;2002;5.335
TOTAL EXTRANJEROS;40 Segovia;Ambos sexos;2001;2.480
TOTAL EXTRANJEROS;40 Segovia;Ambos sexos;2000;1.492
TOTAL EXTRANJEROS;40 Segovia;Ambos sexos;1999;1.150
TOTAL EXTRANJEROS;40 Segovia;Ambos sexos;1996;1.042
TOTAL EXTRANJEROS;41 Sevilla;Ambos sexos;2023;80.150
TOTAL EXTRANJEROS;41 Sevilla;Ambos sexos;2021;77.526
TOTAL EXTRANJEROS;41 Sevilla;Ambos sexos;2020;76.287
TOTAL EXTRANJEROS;41 Sevilla;Ambos sexos;2019;68.887
TOTAL EXTRANJEROS;41 Sevilla;Ambos sexos;2018;65.294
TOTAL EXTRANJEROS;41 Sevilla;Ambos sexos;2017;62.796
TOTAL EXTRANJEROS;41 Sevilla;Ambos sexos;2016;64.772
TOTAL EXTRANJEROS;41 Sevilla;Ambos sexos;2015;68.504
TOTAL EXTRANJEROS;41 Sevilla;Ambos sexos;2014;74.625
TOTAL EXTRANJEROS;41 Sevilla;Ambos sexos;2013;81.854
TOTAL EXTRANJEROS;41 Sevilla;Ambos sexos;2012;82.296
TOTAL EXTRANJEROS;41 Sevilla;Ambos sexos;2011;79.658
TOTAL EXTRANJEROS;41 Sevilla;Ambos sexos;2010;77.090
TOTAL EXTRANJEROS;41 Sevilla;Ambos sexos;2009;71.993
TOTAL EXTRANJEROS;41 Sevilla;Ambos sexos;2008;62.319
TOTAL EXTRANJEROS;41 Sevilla;Ambos sexos;2007;49.860
TOTAL EXTRANJEROS;41 Sevilla;Ambos sexos;2006;46.346
TOTAL EXTRANJEROS;41 Sevilla;Ambos sexos;2005;37.469
TOTAL EXTRANJEROS;41 Sevilla;Ambos sexos;2004;29.166
TOTAL EXTRANJEROS;41 Sevilla;Ambos sexos;2003;25.740
TOTAL EXTRANJEROS;41 Sevilla;Ambos sexos;2002;18.265
TOTAL EXTRANJEROS;41 Sevilla;Ambos sexos;2001;13.295
TOTAL EXTRANJEROS;41 Sevilla;Ambos sexos;2000;9.197
TOTAL EXTRANJEROS;41 Sevilla;Ambos sexos;1999;7.595
TOTAL EXTRANJEROS;41 Sevilla;Ambos sexos;1996;7.014
TOTAL EXTRANJEROS;42 Soria;Ambos sexos;2023;8.798
TOTAL EXTRANJEROS;42 Soria;Ambos sexos;2021;8.757
TOTAL EXTRANJEROS;42 Soria;Ambos sexos;2020;8.271
TOTAL EXTRANJEROS;42 Soria;Ambos sexos;2019;7.438
TOTAL EXTRANJEROS;42 Soria;Ambos sexos;2018;6.973
TOTAL EXTRANJEROS;42 Soria;Ambos sexos;2017;6.754
TOTAL EXTRANJEROS;42 Soria;Ambos sexos;2016;7.196
TOTAL EXTRANJEROS;42 Soria;Ambos sexos;2015;7.424
TOTAL EXTRANJEROS;42 Soria;Ambos sexos;2014;8.337
TOTAL EXTRANJEROS;42 Soria;Ambos sexos;2013;9.277
TOTAL EXTRANJEROS;42 Soria;Ambos sexos;2012;9.904
TOTAL EXTRANJEROS;42 Soria;Ambos sexos;2011;10.137
TOTAL EXTRANJEROS;42 Soria;Ambos sexos;2010;9.870
TOTAL EXTRANJEROS;42 Soria;Ambos sexos;2009;9.483
TOTAL EXTRANJEROS;42 Soria;Ambos sexos;2008;8.420
TOTAL EXTRANJEROS;42 Soria;Ambos sexos;2007;6.855
TOTAL EXTRANJEROS;42 Soria;Ambos sexos;2006;6.233
TOTAL EXTRANJEROS;42 Soria;Ambos sexos;2005;5.370
TOTAL EXTRANJEROS;42 Soria;Ambos sexos;2004;4.209
TOTAL EXTRANJEROS;42 Soria;Ambos sexos;2003;3.375
TOTAL EXTRANJEROS;42 Soria;Ambos sexos;2002;2.329
TOTAL EXTRANJEROS;42 Soria;Ambos sexos;2001;1.394
TOTAL EXTRANJEROS;42 Soria;Ambos sexos;2000;619
TOTAL EXTRANJEROS;42 Soria;Ambos sexos;1999;312
TOTAL EXTRANJEROS;42 Soria;Ambos sexos;1996;321
TOTAL EXTRANJEROS;43 Tarragona;Ambos sexos;2023;139.532
TOTAL EXTRANJEROS;43 Tarragona;Ambos sexos;2021;137.485
TOTAL EXTRANJEROS;43 Tarragona;Ambos sexos;2020;136.793
TOTAL EXTRANJEROS;43 Tarragona;Ambos sexos;2019;127.768
TOTAL EXTRANJEROS;43 Tarragona;Ambos sexos;2018;120.944
TOTAL EXTRANJEROS;43 Tarragona;Ambos sexos;2017;117.679
TOTAL EXTRANJEROS;43 Tarragona;Ambos sexos;2016;119.738
TOTAL EXTRANJEROS;43 Tarragona;Ambos sexos;2015;124.034
TOTAL EXTRANJEROS;43 Tarragona;Ambos sexos;2014;132.193
TOTAL EXTRANJEROS;43 Tarragona;Ambos sexos;2013;144.312
TOTAL EXTRANJEROS;43 Tarragona;Ambos sexos;2012;149.587
TOTAL EXTRANJEROS;43 Tarragona;Ambos sexos;2011;148.704
TOTAL EXTRANJEROS;43 Tarragona;Ambos sexos;2010;150.314
TOTAL EXTRANJEROS;43 Tarragona;Ambos sexos;2009;149.210
TOTAL EXTRANJEROS;43 Tarragona;Ambos sexos;2008;139.972
TOTAL EXTRANJEROS;43 Tarragona;Ambos sexos;2007;116.501
TOTAL EXTRANJEROS;43 Tarragona;Ambos sexos;2006;99.103
TOTAL EXTRANJEROS;43 Tarragona;Ambos sexos;2005;84.088
TOTAL EXTRANJEROS;43 Tarragona;Ambos sexos;2004;63.107
TOTAL EXTRANJEROS;43 Tarragona;Ambos sexos;2003;50.892
TOTAL EXTRANJEROS;43 Tarragona;Ambos sexos;2002;35.349
TOTAL EXTRANJEROS;43 Tarragona;Ambos sexos;2001;23.731
TOTAL EXTRANJEROS;43 Tarragona;Ambos sexos;2000;15.831
TOTAL EXTRANJEROS;43 Tarragona;Ambos sexos;1999;12.051
TOTAL EXTRANJEROS;43 Tarragona;Ambos sexos;1996;10.496
TOTAL EXTRANJEROS;44 Teruel;Ambos sexos;2023;15.604
TOTAL EXTRANJEROS;44 Teruel;Ambos sexos;2021;15.239
TOTAL EXTRANJEROS;44 Teruel;Ambos sexos;2020;14.756
TOTAL EXTRANJEROS;44 Teruel;Ambos sexos;2019;13.845
TOTAL EXTRANJEROS;44 Teruel;Ambos sexos;2018;13.523
TOTAL EXTRANJEROS;44 Teruel;Ambos sexos;2017;13.414
TOTAL EXTRANJEROS;44 Teruel;Ambos sexos;2016;13.878
TOTAL EXTRANJEROS;44 Teruel;Ambos sexos;2015;14.702
TOTAL EXTRANJEROS;44 Teruel;Ambos sexos;2014;15.515
TOTAL EXTRANJEROS;44 Teruel;Ambos sexos;2013;17.293
TOTAL EXTRANJEROS;44 Teruel;Ambos sexos;2012;17.798
TOTAL EXTRANJEROS;44 Teruel;Ambos sexos;2011;17.573
TOTAL EXTRANJEROS;44 Teruel;Ambos sexos;2010;17.634
TOTAL EXTRANJEROS;44 Teruel;Ambos sexos;2009;18.369
TOTAL EXTRANJEROS;44 Teruel;Ambos sexos;2008;17.043
TOTAL EXTRANJEROS;44 Teruel;Ambos sexos;2007;13.858
TOTAL EXTRANJEROS;44 Teruel;Ambos sexos;2006;11.414
TOTAL EXTRANJEROS;44 Teruel;Ambos sexos;2005;9.756
TOTAL EXTRANJEROS;44 Teruel;Ambos sexos;2004;7.428
TOTAL EXTRANJEROS;44 Teruel;Ambos sexos;2003;6.016
TOTAL EXTRANJEROS;44 Teruel;Ambos sexos;2002;3.526
TOTAL EXTRANJEROS;44 Teruel;Ambos sexos;2001;1.621
TOTAL EXTRANJEROS;44 Teruel;Ambos sexos;2000;893
TOTAL EXTRANJEROS;44 Teruel;Ambos sexos;1999;648
TOTAL EXTRANJEROS;44 Teruel;Ambos sexos;1996;611
TOTAL EXTRANJEROS;45 Toledo;Ambos sexos;2023;74.362
TOTAL EXTRANJEROS;45 Toledo;Ambos sexos;2021;73.000
TOTAL EXTRANJEROS;45 Toledo;Ambos sexos;2020;71.967
TOTAL EXTRANJEROS;45 Toledo;Ambos sexos;2019;65.226
TOTAL EXTRANJEROS;45 Toledo;Ambos sexos;2018;60.472
TOTAL EXTRANJEROS;45 Toledo;Ambos sexos;2017;59.626
TOTAL EXTRANJEROS;45 Toledo;Ambos sexos;2016;62.087
TOTAL EXTRANJEROS;45 Toledo;Ambos sexos;2015;65.605
TOTAL EXTRANJEROS;45 Toledo;Ambos sexos;2014;72.233
TOTAL EXTRANJEROS;45 Toledo;Ambos sexos;2013;81.163
TOTAL EXTRANJEROS;45 Toledo;Ambos sexos;2012;86.704
TOTAL EXTRANJEROS;45 Toledo;Ambos sexos;2011;85.423
TOTAL EXTRANJEROS;45 Toledo;Ambos sexos;2010;83.975
TOTAL EXTRANJEROS;45 Toledo;Ambos sexos;2009;83.260
TOTAL EXTRANJEROS;45 Toledo;Ambos sexos;2008;74.826
TOTAL EXTRANJEROS;45 Toledo;Ambos sexos;2007;57.920
TOTAL EXTRANJEROS;45 Toledo;Ambos sexos;2006;46.243
TOTAL EXTRANJEROS;45 Toledo;Ambos sexos;2005;40.564
TOTAL EXTRANJEROS;45 Toledo;Ambos sexos;2004;32.019
TOTAL EXTRANJEROS;45 Toledo;Ambos sexos;2003;26.106
TOTAL EXTRANJEROS;45 Toledo;Ambos sexos;2002;17.871
TOTAL EXTRANJEROS;45 Toledo;Ambos sexos;2001;11.281
TOTAL EXTRANJEROS;45 Toledo;Ambos sexos;2000;6.171
TOTAL EXTRANJEROS;45 Toledo;Ambos sexos;1999;4.916
TOTAL EXTRANJEROS;45 Toledo;Ambos sexos;1996;4.984
TOTAL EXTRANJEROS;46 Valencia/Val�ncia;Ambos sexos;2023;304.795
TOTAL EXTRANJEROS;46 Valencia/Val�ncia;Ambos sexos;2021;289.048
TOTAL EXTRANJEROS;46 Valencia/Val�ncia;Ambos sexos;2020;288.521
TOTAL EXTRANJEROS;46 Valencia/Val�ncia;Ambos sexos;2019;263.848
TOTAL EXTRANJEROS;46 Valencia/Val�ncia;Ambos sexos;2018;246.676
TOTAL EXTRANJEROS;46 Valencia/Val�ncia;Ambos sexos;2017;237.624
TOTAL EXTRANJEROS;46 Valencia/Val�ncia;Ambos sexos;2016;246.012
TOTAL EXTRANJEROS;46 Valencia/Val�ncia;Ambos sexos;2015;248.717
TOTAL EXTRANJEROS;46 Valencia/Val�ncia;Ambos sexos;2014;260.871
TOTAL EXTRANJEROS;46 Valencia/Val�ncia;Ambos sexos;2013;286.031
TOTAL EXTRANJEROS;46 Valencia/Val�ncia;Ambos sexos;2012;298.804
TOTAL EXTRANJEROS;46 Valencia/Val�ncia;Ambos sexos;2011;302.696
TOTAL EXTRANJEROS;46 Valencia/Val�ncia;Ambos sexos;2010;314.395
TOTAL EXTRANJEROS;46 Valencia/Val�ncia;Ambos sexos;2009;315.145
TOTAL EXTRANJEROS;46 Valencia/Val�ncia;Ambos sexos;2008;294.846
TOTAL EXTRANJEROS;46 Valencia/Val�ncia;Ambos sexos;2007;250.974
TOTAL EXTRANJEROS;46 Valencia/Val�ncia;Ambos sexos;2006;231.084
TOTAL EXTRANJEROS;46 Valencia/Val�ncia;Ambos sexos;2005;194.707
TOTAL EXTRANJEROS;46 Valencia/Val�ncia;Ambos sexos;2004;151.754
TOTAL EXTRANJEROS;46 Valencia/Val�ncia;Ambos sexos;2003;124.088
TOTAL EXTRANJEROS;46 Valencia/Val�ncia;Ambos sexos;2002;84.727
TOTAL EXTRANJEROS;46 Valencia/Val�ncia;Ambos sexos;2001;49.151
TOTAL EXTRANJEROS;46 Valencia/Val�ncia;Ambos sexos;2000;26.920
TOTAL EXTRANJEROS;46 Valencia/Val�ncia;Ambos sexos;1999;20.000
TOTAL EXTRANJEROS;46 Valencia/Val�ncia;Ambos sexos;1996;19.553
TOTAL EXTRANJEROS;47 Valladolid;Ambos sexos;2023;29.425
TOTAL EXTRANJEROS;47 Valladolid;Ambos sexos;2021;28.860
TOTAL EXTRANJEROS;47 Valladolid;Ambos sexos;2020;27.322
TOTAL EXTRANJEROS;47 Valladolid;Ambos sexos;2019;24.783
TOTAL EXTRANJEROS;47 Valladolid;Ambos sexos;2018;23.559
TOTAL EXTRANJEROS;47 Valladolid;Ambos sexos;2017;22.987
TOTAL EXTRANJEROS;47 Valladolid;Ambos sexos;2016;24.343
TOTAL EXTRANJEROS;47 Valladolid;Ambos sexos;2015;25.325
TOTAL EXTRANJEROS;47 Valladolid;Ambos sexos;2014;27.860
TOTAL EXTRANJEROS;47 Valladolid;Ambos sexos;2013;31.789
TOTAL EXTRANJEROS;47 Valladolid;Ambos sexos;2012;32.947
TOTAL EXTRANJEROS;47 Valladolid;Ambos sexos;2011;33.257
TOTAL EXTRANJEROS;47 Valladolid;Ambos sexos;2010;32.656
TOTAL EXTRANJEROS;47 Valladolid;Ambos sexos;2009;32.288
TOTAL EXTRANJEROS;47 Valladolid;Ambos sexos;2008;29.674
TOTAL EXTRANJEROS;47 Valladolid;Ambos sexos;2007;23.087
TOTAL EXTRANJEROS;47 Valladolid;Ambos sexos;2006;20.793
TOTAL EXTRANJEROS;47 Valladolid;Ambos sexos;2005;18.080
TOTAL EXTRANJEROS;47 Valladolid;Ambos sexos;2004;14.139
TOTAL EXTRANJEROS;47 Valladolid;Ambos sexos;2003;11.325
TOTAL EXTRANJEROS;47 Valladolid;Ambos sexos;2002;7.178
TOTAL EXTRANJEROS;47 Valladolid;Ambos sexos;2001;3.230
TOTAL EXTRANJEROS;47 Valladolid;Ambos sexos;2000;1.953
TOTAL EXTRANJEROS;47 Valladolid;Ambos sexos;1999;1.612
TOTAL EXTRANJEROS;47 Valladolid;Ambos sexos;1996;1.522
TOTAL EXTRANJEROS;49 Zamora;Ambos sexos;2023;6.342
TOTAL EXTRANJEROS;49 Zamora;Ambos sexos;2021;6.246
TOTAL EXTRANJEROS;49 Zamora;Ambos sexos;2020;6.097
TOTAL EXTRANJEROS;49 Zamora;Ambos sexos;2019;5.782
TOTAL EXTRANJEROS;49 Zamora;Ambos sexos;2018;5.728
TOTAL EXTRANJEROS;49 Zamora;Ambos sexos;2017;5.871
TOTAL EXTRANJEROS;49 Zamora;Ambos sexos;2016;6.372
TOTAL EXTRANJEROS;49 Zamora;Ambos sexos;2015;6.786
TOTAL EXTRANJEROS;49 Zamora;Ambos sexos;2014;7.163
TOTAL EXTRANJEROS;49 Zamora;Ambos sexos;2013;8.105
TOTAL EXTRANJEROS;49 Zamora;Ambos sexos;2012;8.803
TOTAL EXTRANJEROS;49 Zamora;Ambos sexos;2011;8.406
TOTAL EXTRANJEROS;49 Zamora;Ambos sexos;2010;8.041
TOTAL EXTRANJEROS;49 Zamora;Ambos sexos;2009;7.992
TOTAL EXTRANJEROS;49 Zamora;Ambos sexos;2008;7.669
TOTAL EXTRANJEROS;49 Zamora;Ambos sexos;2007;5.727
TOTAL EXTRANJEROS;49 Zamora;Ambos sexos;2006;4.688
TOTAL EXTRANJEROS;49 Zamora;Ambos sexos;2005;3.717
TOTAL EXTRANJEROS;49 Zamora;Ambos sexos;2004;2.623
TOTAL EXTRANJEROS;49 Zamora;Ambos sexos;2003;2.102
TOTAL EXTRANJEROS;49 Zamora;Ambos sexos;2002;1.553
TOTAL EXTRANJEROS;49 Zamora;Ambos sexos;2001;1.195
TOTAL EXTRANJEROS;49 Zamora;Ambos sexos;2000;963
TOTAL EXTRANJEROS;49 Zamora;Ambos sexos;1999;961
TOTAL EXTRANJEROS;49 Zamora;Ambos sexos;1996;914
TOTAL EXTRANJEROS;50 Zaragoza;Ambos sexos;2023;119.367
TOTAL EXTRANJEROS;50 Zaragoza;Ambos sexos;2021;118.286
TOTAL EXTRANJEROS;50 Zaragoza;Ambos sexos;2020;119.467
TOTAL EXTRANJEROS;50 Zaragoza;Ambos sexos;2019;110.378
TOTAL EXTRANJEROS;50 Zaragoza;Ambos sexos;2018;99.979
TOTAL EXTRANJEROS;50 Zaragoza;Ambos sexos;2017;97.290
TOTAL EXTRANJEROS;50 Zaragoza;Ambos sexos;2016;95.719
TOTAL EXTRANJEROS;50 Zaragoza;Ambos sexos;2015;101.611
TOTAL EXTRANJEROS;50 Zaragoza;Ambos sexos;2014;108.279
TOTAL EXTRANJEROS;50 Zaragoza;Ambos sexos;2013;128.865
TOTAL EXTRANJEROS;50 Zaragoza;Ambos sexos;2012;127.473
TOTAL EXTRANJEROS;50 Zaragoza;Ambos sexos;2011;125.813
TOTAL EXTRANJEROS;50 Zaragoza;Ambos sexos;2010;127.642
TOTAL EXTRANJEROS;50 Zaragoza;Ambos sexos;2009;126.440
TOTAL EXTRANJEROS;50 Zaragoza;Ambos sexos;2008;113.486
TOTAL EXTRANJEROS;50 Zaragoza;Ambos sexos;2007;91.126
TOTAL EXTRANJEROS;50 Zaragoza;Ambos sexos;2006;76.847
TOTAL EXTRANJEROS;50 Zaragoza;Ambos sexos;2005;71.960
TOTAL EXTRANJEROS;50 Zaragoza;Ambos sexos;2004;58.212
TOTAL EXTRANJEROS;50 Zaragoza;Ambos sexos;2003;46.202
TOTAL EXTRANJEROS;50 Zaragoza;Ambos sexos;2002;33.844
TOTAL EXTRANJEROS;50 Zaragoza;Ambos sexos;2001;19.874
TOTAL EXTRANJEROS;50 Zaragoza;Ambos sexos;2000;9.008
TOTAL EXTRANJEROS;50 Zaragoza;Ambos sexos;1999;6.831
TOTAL EXTRANJEROS;50 Zaragoza;Ambos sexos;1996;5.984
TOTAL EXTRANJEROS;51 Ceuta;Ambos sexos;2023;4.910
TOTAL EXTRANJEROS;51 Ceuta;Ambos sexos;2021;5.367
TOTAL EXTRANJEROS;51 Ceuta;Ambos sexos;2020;5.705
TOTAL EXTRANJEROS;51 Ceuta;Ambos sexos;2019;5.792
TOTAL EXTRANJEROS;51 Ceuta;Ambos sexos;2018;5.842
TOTAL EXTRANJEROS;51 Ceuta;Ambos sexos;2017;5.643
TOTAL EXTRANJEROS;51 Ceuta;Ambos sexos;2016;5.433
TOTAL EXTRANJEROS;51 Ceuta;Ambos sexos;2015;5.149
TOTAL EXTRANJEROS;51 Ceuta;Ambos sexos;2014;5.536
TOTAL EXTRANJEROS;51 Ceuta;Ambos sexos;2013;5.668
TOTAL EXTRANJEROS;51 Ceuta;Ambos sexos;2012;5.812
TOTAL EXTRANJEROS;51 Ceuta;Ambos sexos;2011;4.928
TOTAL EXTRANJEROS;51 Ceuta;Ambos sexos;2010;3.995
TOTAL EXTRANJEROS;51 Ceuta;Ambos sexos;2009;3.550
TOTAL EXTRANJEROS;51 Ceuta;Ambos sexos;2008;3.124
TOTAL EXTRANJEROS;51 Ceuta;Ambos sexos;2007;3.016
TOTAL EXTRANJEROS;51 Ceuta;Ambos sexos;2006;3.078
TOTAL EXTRANJEROS;51 Ceuta;Ambos sexos;2005;3.037
TOTAL EXTRANJEROS;51 Ceuta;Ambos sexos;2004;2.863
TOTAL EXTRANJEROS;51 Ceuta;Ambos sexos;2003;3.203
TOTAL EXTRANJEROS;51 Ceuta;Ambos sexos;2002;3.334
TOTAL EXTRANJEROS;51 Ceuta;Ambos sexos;2001;3.281
TOTAL EXTRANJEROS;51 Ceuta;Ambos sexos;2000;3.050
TOTAL EXTRANJEROS;51 Ceuta;Ambos sexos;1999;3.093
TOTAL EXTRANJEROS;51 Ceuta;Ambos sexos;1996;3.114
TOTAL EXTRANJEROS;52 Melilla;Ambos sexos;2023;11.675
TOTAL EXTRANJEROS;52 Melilla;Ambos sexos;2021;12.611
TOTAL EXTRANJEROS;52 Melilla;Ambos sexos;2020;13.363
TOTAL EXTRANJEROS;52 Melilla;Ambos sexos;2019;13.266
TOTAL EXTRANJEROS;52 Melilla;Ambos sexos;2018;13.501
TOTAL EXTRANJEROS;52 Melilla;Ambos sexos;2017;13.355
TOTAL EXTRANJEROS;52 Melilla;Ambos sexos;2016;13.320
TOTAL EXTRANJEROS;52 Melilla;Ambos sexos;2015;12.944
TOTAL EXTRANJEROS;52 Melilla;Ambos sexos;2014;12.702
TOTAL EXTRANJEROS;52 Melilla;Ambos sexos;2013;12.611
TOTAL EXTRANJEROS;52 Melilla;Ambos sexos;2012;11.264
TOTAL EXTRANJEROS;52 Melilla;Ambos sexos;2011;10.033
TOTAL EXTRANJEROS;52 Melilla;Ambos sexos;2010;8.873
TOTAL EXTRANJEROS;52 Melilla;Ambos sexos;2009;7.597
TOTAL EXTRANJEROS;52 Melilla;Ambos sexos;2008;6.472
TOTAL EXTRANJEROS;52 Melilla;Ambos sexos;2007;5.327
TOTAL EXTRANJEROS;52 Melilla;Ambos sexos;2006;3.982
TOTAL EXTRANJEROS;52 Melilla;Ambos sexos;2005;2.891
TOTAL EXTRANJEROS;52 Melilla;Ambos sexos;2004;5.874
TOTAL EXTRANJEROS;52 Melilla;Ambos sexos;2003;6.333
TOTAL EXTRANJEROS;52 Melilla;Ambos sexos;2002;6.425
TOTAL EXTRANJEROS;52 Melilla;Ambos sexos;2001;6.561
TOTAL EXTRANJEROS;52 Melilla;Ambos sexos;2000;4.803
TOTAL EXTRANJEROS;52 Melilla;Ambos sexos;1999;1.447
TOTAL EXTRANJEROS;52 Melilla;Ambos sexos;1996;2.460
